yyyymm,pago_r_a1834,pago_r_a3554,pago_r_a5597,pagorn_ny_a1834,pagorn_ny_a3554,pagorn_ny_a5597,pexp_r_a1834,pexp_r_a3554,pexp_r_a5597,ptrd_r_a1834,ptrd_r_a3554,ptrd_r_a5597,pago5_r_a1834,pago5_r_a3554,pago5_r_a5597,pexp5_r_a1834,pexp5_r_a3554,pexp5_r_a5597,ptrd5_r_a1834,ptrd5_r_a3554,ptrd5_r_a5597,inex_med_a1834,inex_med_a3554,inex_med_a5597,inex_r_a1834,inex_r_a3554,inex_r_a5597,rinc_r_a1834,rinc_r_a3554,rinc_r_a5597,pinc2_mean_a1834,pinc2_mean_a3554,pinc2_mean_a5597,pinc_mean_a1834,pinc_mean_a3554,pinc_mean_a5597,pjob_mean_a1834,pjob_mean_a3554,pjob_mean_a5597
197801,130,105,89,39,19,-5,144,117,94,146,113,89,,,,,,,,,,,,,,,,93,60,59,,,,,,,,,
197802,133,111,86,35,19,-1,143,106,92,149,114,89,,,,,,,,,,9,5,0,164,148,120,97,77,64,,,,,,,,,
197803,132,89,82,36,12,-5,139,101,84,149,98,78,,,,,,,,,,,,,,,,78,61,52,,,,,,,,,
197804,126,99,87,30,17,3,144,108,84,143,105,86,,,,,,,,,,,,,,,,87,66,53,,,,,,,,,
197805,139,97,81,38,16,-7,140,112,84,150,108,75,,,,,,,,,,9.6,5.2,0,177,160,134,92,69,49,,,,,,,,,
197806,140,100,81,41,23,-1,133,93,76,146,95,72,,,,,,,,,,,,,,,,86,66,47,,,,,,,,,
197807,129,104,92,42,23,5,139,106,89,145,110,92,,,,,,,,,,,,,,,,77,60,51,,,,,,,,,
197808,125,100,78,35,27,5,134,109,93,141,109,80,,,,,,,,,,9.5,5.3,0,168,160,130,85,68,57,,,,,,,,,
197809,138,110,82,46,30,-3,133,111,86,144,110,81,,,,,,,,,,,,,,,,81,64,44,,,,,,,,,
197810,129,83,77,46,25,7,133,100,81,144,86,74,,,,,,,,,,,,,,,,77,59,47,,,,,,,,,
197811,132,103,83,35,18,-4,133,102,81,140,106,77,,,,,,,,,,7.5,5,0,168,153,119,80,69,51,,,,,,,,,
197812,113,87,86,34,18,5,123,92,78,125,87,85,,,,,,,,,,,,,,,,72,56,66,,,,,,,,,
197901,131,100,74,38,30,-2,131,105,66,141,103,67,,,,,,,,,,,,,,,,76,54,45,,,,,,,,,
197902,121,99,80,31,17,0,120,101,79,126,102,75,134,120,103,137,124,92,139,128,102,7.2,5.9,0,171,162,127,77,58,52,,,,,,,,,
197903,125,83,81,36,21,8,134,90,76,133,79,74,,,,,,,,,,,,,,,,68,58,45,,,,,,,,,
197904,107,83,66,34,24,1,115,86,65,111,85,57,,,,,,,,,,,,,,,,63,58,38,,,,,,,,,
197905,114,86,72,33,20,2,120,86,79,124,86,71,,,,,,,,,,9.7,6.7,0,173,154,130,83,59,51,,,,,,,,,
197906,116,81,83,36,25,9,117,86,75,125,82,76,,,,,,,,,,,,,,,,70,45,54,,,,,,,,,
197907,115,88,70,37,24,2,115,91,75,122,84,65,137,118,90,146,115,75,147,117,79,,,,,,,78,54,41,,,,,,,,,
197908,122,89,78,35,21,2,118,100,78,126,92,73,142,108,94,148,119,86,150,116,93,9.6,6.3,0,172,161,132,73,63,49,,,,,,,,,
197909,107,88,78,29,23,2,123,94,82,119,91,76,,,,,,,,,,,,,,,,68,61,44,,,,,,,,,
197910,104,71,75,29,12,2,124,91,75,119,76,68,,,,,,,,,,,,,,,,68,54,47,,,,,,,,,
197911,110,80,66,31,19,-7,117,94,78,118,83,62,,,,,,,,,,9.5,5.4,0,172,159,126,71,63,48,,,,,,,,,
197912,108,68,75,32,6,3,134,98,74,126,72,71,,,,,,,,,,,,,,,,80,50,49,,,,,,,,,
198001,122,86,80,40,20,5,140,103,81,139,92,78,,,,,,,,,,,,,,,,79,49,43,,,,,,,,,
198002,106,79,68,31,22,-3,127,102,68,120,88,59,139,121,84,156,113,67,153,123,73,8.8,5.4,0.4,174,159,128,87,62,37,,,,,,,,,
198003,91,70,65,22,15,-6,110,85,79,97,72,65,,,,,,,,,,,,,,,,59,55,42,,,,,,,,,
198004,85,61,66,22,5,0,115,82,84,103,61,72,,,,,,,,,,9.7,5.2,-3.7,176,157,131,75,63,52,,,,,,,,,
198005,109,63,58,27,2,-3,128,98,71,119,76,53,,,,,,,,,,9.4,5.2,0.4,163,151,135,79,54,43,,,,,,,,,
198006,107,60,71,22,8,-6,126,101,75,119,70,69,,,,,,,,,,9.8,5.5,0.7,177,154,135,87,60,67,,,,,,,,,
198007,107,84,79,30,14,3,124,108,84,116,93,71,132,115,100,162,133,91,150,127,95,6.6,6.8,-1.8,157,158,114,86,66,50,,,,,,,,,
198008,116,79,85,27,14,8,131,110,88,132,97,82,126,119,106,153,124,91,142,126,100,7.5,5.7,0.3,174,160,126,77,58,58,,,,,,,,,
198009,114,73,86,34,7,3,133,117,99,131,88,88,137,96,111,156,129,96,148,115,104,8,6.5,-1.6,174,155,138,82,65,61,,,,,,,,,
198010,114,77,79,29,11,1,133,97,94,131,83,84,,,,,,,,,,9.9,6,-0.7,173,166,137,91,64,54,,,,,,,,,
198011,101,82,63,28,15,-1,141,111,99,128,95,75,,,,,,,,,,9.8,6.7,-1.7,181,165,131,93,78,53,,,,,,,,,
198012,99,65,64,26,9,-4,123,88,89,113,66,69,,,,,,,,,,9.8,5.3,-0.8,175,160,118,83,58,51,,,,,,,,,
198101,95,76,72,24,12,2,128,114,90,113,91,74,140,120,98,148,138,89,150,132,96,9.6,5.5,0.1,170,163,119,86,80,56,,,,,,,,,
198102,101,78,62,23,6,0,123,108,90,120,89,72,119,107,88,156,124,93,141,119,90,9.6,5.6,0.2,174,155,122,81,66,60,,,,,,,,,
198103,109,79,69,26,9,-12,127,101,83,123,89,70,131,101,83,150,139,87,145,122,84,9.3,5,0.2,174,159,121,83,70,58,,,,,,,,,
198104,101,62,69,15,5,-5,138,108,86,124,77,65,,,,,,,,,,9.9,5,-0.7,171,157,129,84,68,52,,,,,,,,,
198105,113,80,92,29,14,7,137,114,102,130,94,92,,,,,,,,,,9.6,7.1,2,173,172,141,100,81,61,,,,,,,,,
198106,112,76,77,32,9,-5,127,106,104,123,91,85,,,,,,,,,,9.8,5.2,-1.6,178,148,133,93,73,68,,,,,,,,,
198107,115,94,91,26,19,2,140,113,92,132,104,90,130,120,103,156,132,96,150,125,104,9.1,6.1,-0.7,168,159,121,98,78,64,,,,,,,,,
198108,118,97,83,31,29,2,141,115,92,138,106,89,131,134,111,170,137,98,153,146,109,8.8,7.3,-3.8,176,155,123,92,80,58,,,,,,,,,
198109,123,82,79,36,9,-5,131,110,97,129,99,87,135,125,91,160,131,99,151,133,95,8.8,4.6,0.2,164,154,128,82,70,64,,,,,,,,,
198110,111,82,91,23,9,6,130,107,95,124,95,98,,,,,,,,,,9.5,5.4,0.4,154,162,136,87,71,54,,,,,,,,,
198111,102,73,83,25,3,-1,127,114,91,120,89,82,,,,,,,,,,9.8,5.5,-1.8,172,154,104,85,66,59,,,,,,,,,
198112,110,87,85,33,9,0,127,116,84,127,100,84,,,,,,,,,,9.7,6.6,-1.7,171,154,116,92,82,57,,,,,,,,,
198201,101,85,88,15,10,-6,134,117,90,120,101,83,126,112,112,155,146,101,144,129,113,9,5,0.2,172,148,116,100,78,65,,,,,,,,,
198202,98,96,77,19,13,-6,128,120,86,116,109,78,130,125,103,152,143,94,142,138,102,9.4,6.6,0.1,165,159,114,96,91,59,,,,,,,,,
198203,100,87,81,13,9,-10,122,107,88,115,97,82,133,112,101,156,137,97,147,127,103,7.5,4.6,0.2,155,140,112,83,79,69,,,,,,,,,
198204,98,86,77,15,6,-9,130,109,94,119,98,79,,,,,,,,,,6.8,5.1,-1.9,158,148,111,93,82,59,,,,,,,,,
198205,108,86,87,18,11,-1,132,113,92,127,100,85,,,,,,,,,,9.6,5.2,-1.8,167,151,117,105,78,70,,,,,,,,,
198206,112,84,80,23,5,-1,138,117,94,131,96,83,,,,,,,,,,9.3,5.4,-1.8,165,152,114,108,76,61,,,,,,,,,
198207,112,79,82,22,-2,-1,139,110,93,127,91,86,118,118,104,164,148,103,144,136,105,7.6,4.7,-1.8,153,149,118,91,79,60,,,,,,,,,
198208,106,80,81,14,7,-7,127,106,95,118,92,86,110,112,93,157,140,103,133,129,100,6.9,5,0.2,159,150,121,95,79,56,,,,,,,,,
198209,101,84,83,12,5,-8,131,117,100,119,100,90,126,112,104,154,138,95,143,126,103,7,4.6,-0.8,160,147,120,90,80,66,,,,,,,,,
198210,109,89,86,22,7,1,133,117,104,127,98,94,,,,,,,,,,7.8,5.2,-0.8,161,158,115,93,84,64,,,,,,,,,
198211,96,86,74,13,0,-2,129,131,103,115,108,85,,,,,,,,,,5.3,4.9,-0.7,153,149,125,87,87,75,,,,,,,,,
198212,98,88,82,8,6,1,138,120,91,123,107,87,,,,,,,,,,8.8,5.2,-0.9,161,150,111,106,87,71,,,,,,,,,
198301,113,82,80,28,1,-11,135,119,89,126,103,78,112,108,95,157,140,92,136,126,90,5.4,3.2,0,157,148,107,99,78,64,,,,,,,,,
198302,109,75,83,18,-1,-9,136,116,98,130,94,92,122,102,96,168,140,103,146,125,102,7.3,3,-0.9,157,141,111,93,81,68,,,,,,,,,
198303,100,85,91,12,-6,-4,142,132,101,123,109,95,123,108,105,167,158,99,150,134,101,6.1,4.7,0.1,156,145,109,97,88,71,,,,,,,,,
198304,126,107,91,26,5,-1,146,132,112,145,124,105,,,,,,,,,,7.2,5.3,0.2,172,165,119,100,92,74,,,,,,,,,
198305,110,107,84,10,9,5,150,142,117,139,130,97,,,,,,,,,,8,4.7,0.3,163,151,117,101,105,67,,,,,,,,,
198306,128,108,92,25,10,4,144,131,109,146,125,99,,,,,,,,,,6.7,4.8,0.2,165,153,117,105,90,67,,,,,,,,,
198307,139,101,85,43,1,-8,150,130,96,159,117,86,139,113,104,168,154,92,154,134,103,6.5,3.1,0.1,170,141,116,112,84,63,,,,,,,,,
198308,122,106,89,23,12,3,148,135,90,139,130,84,129,118,110,170,160,98,155,140,107,6.7,5,0.2,166,153,117,106,93,57,,,,,,,,,
198309,130,108,90,30,10,1,139,139,98,147,128,91,138,118,103,166,154,99,153,137,102,5.4,4.8,-0.9,169,153,113,98,94,59,,,,,,,,,
198310,116,106,87,20,8,-4,144,129,94,136,124,85,,,,,,,,,,6.9,4.8,-0.9,166,153,111,100,78,58,,,,,,,,,
198311,130,113,90,30,19,-1,150,136,93,149,131,87,,,,,,,,,,8.1,5.1,0.2,172,161,120,107,99,67,,,,,,,,,
198312,149,122,96,33,21,-1,143,127,102,161,129,99,,,,,,,,,,7.6,4.6,0.2,171,153,119,110,90,60,,,,,,,,,
198401,140,126,88,35,19,-8,147,139,101,155,140,92,141,138,114,167,157,98,158,150,113,7.3,4.8,-0.8,176,157,121,120,96,65,,,,,,,,,
198402,133,121,100,34,18,-4,147,137,106,148,136,101,150,126,114,173,158,104,165,149,114,6.9,5.3,0.2,175,165,120,109,101,72,,,,,,,,,
198403,145,126,93,44,28,-2,150,144,108,159,139,104,142,132,114,170,153,104,161,145,114,7,5.5,0.2,179,170,126,108,100,68,,,,,,,,,
198404,144,116,88,36,17,-7,143,130,101,150,128,91,,,,,,,,,,9.5,4.6,0.2,177,148,115,114,85,67,,,,,,,,,
198405,137,128,96,37,23,-1,147,135,102,151,140,102,,,,,,,,,,9.6,4.9,0.2,168,160,123,110,85,65,,,,,,,,,
198406,142,128,105,42,25,7,143,130,98,155,139,108,,,,,,,,,,6.8,5.2,0.2,169,161,120,115,99,65,,,,,,,,,
198407,140,116,97,37,22,0,149,125,99,153,128,96,146,133,125,172,146,101,164,147,119,5.8,4.6,0.3,175,159,127,119,83,65,,,,,,,,,
198408,146,126,103,43,24,-1,144,141,103,157,141,109,142,142,107,174,166,99,161,161,109,7.1,5.1,0.3,171,164,122,117,103,77,,,,,,,,,
198409,142,128,105,44,33,5,147,138,108,156,141,111,145,140,129,171,146,110,162,146,130,7.7,4.7,0.3,175,154,128,110,90,78,,,,,,,,,
198410,133,121,100,40,13,6,152,129,100,153,133,101,,,,,,,,,,9.5,4.8,0.2,175,153,119,112,95,76,,,,,,,,,
198411,145,115,103,39,14,-1,140,134,111,159,130,114,,,,,,,,,,7.7,4.5,0.3,170,152,126,113,88,74,,,,,,,,,
198412,142,114,98,37,12,1,146,129,101,155,125,102,,,,,,,,,,6.9,4.8,0.2,169,150,120,114,85,75,,,,,,,,,
198501,136,118,105,34,22,3,146,130,100,152,131,104,154,135,117,167,147,101,168,146,111,5.4,4.8,0,166,157,102,107,92,65,,,,,,,,,
198502,142,114,89,41,12,-5,140,129,93,152,129,89,146,120,97,164,149,97,160,139,97,5.9,3.8,0.1,166,154,104,104,86,57,,,,,,,,,
198503,133,113,92,34,17,2,146,126,97,150,121,94,,,,,,,,,,5.4,4.6,0.1,162,153,106,102,90,67,,,,,,,,,
198504,140,114,95,26,15,2,147,130,105,155,128,98,,,,,,,,,,7.1,3.7,0.1,167,152,106,117,89,69,,,,,,,,,
198505,142,109,101,40,16,0,140,119,101,151,119,104,,,,,,,,,,5.2,3.2,0.2,168,148,117,108,85,65,,,,,,,,,
198506,140,115,93,40,18,0,145,131,106,154,129,95,,,,,,,,,,7.9,4.6,0.2,175,148,114,111,85,72,,,,,,,,,
198507,130,118,100,22,17,-1,145,127,102,146,130,102,145,141,110,165,146,98,163,153,109,5.1,4,0,159,156,102,108,88,65,,,,,,,,,
198508,138,111,84,44,13,-7,141,132,96,154,127,86,148,118,101,163,147,97,161,138,103,5.4,4.7,0.1,171,154,111,106,90,64,,,,,,,,,
198509,137,114,95,44,16,2,143,134,95,148,127,95,140,124,112,171,146,90,158,139,102,6.1,3.6,0.2,160,153,115,102,92,69,,,,,,,,,
198510,138,111,86,39,16,-3,147,130,95,155,131,86,,,,,,,,,,7.2,2.2,-0.9,172,141,115,110,81,65,,,,,,,,,
198511,135,109,93,35,16,1,142,136,95,150,128,91,,,,,,,,,,5.1,4.7,-0.8,166,151,119,108,86,69,,,,,,,,,
198512,143,124,93,48,15,-5,141,128,101,155,133,96,,,,,,,,,,6.4,4.5,0.2,175,154,117,111,91,67,,,,,,,,,
198601,146,126,91,45,22,-14,142,131,92,158,138,89,,,,,,,,,,5.5,4.4,0.1,164,154,109,104,95,70,,,,,,,,,
198602,136,122,95,39,27,-10,147,129,94,152,134,96,,,,,,,,,,5.3,3.7,0.2,168,161,112,103,79,69,,,,,,,,,
198603,144,120,100,41,20,-1,144,135,95,156,136,96,,,,,,,,,,5.3,3.9,0.2,163,152,112,110,95,64,,,,,,,,,
198604,141,120,95,38,17,-10,142,139,98,152,139,95,,,,,,,,,,6.4,4.7,0.2,161,152,115,105,96,64,,,,,,,,,
198605,135,121,94,27,16,0,149,141,93,153,140,90,,,,,,,,,,5.2,4.6,0.2,163,160,110,92,101,73,,,,,,,,,
198606,150,127,94,44,20,-1,142,135,103,158,141,99,,,,,,,,,,5.3,3.8,0.2,166,152,116,115,94,62,,,,,,,,,
198607,152,124,100,51,15,-7,148,136,104,166,140,99,,,,,,,,,,5.4,4.7,0.2,171,159,117,108,101,77,,,,,,,,,
198608,140,128,92,37,15,-6,147,135,98,155,144,100,,,,,,,,,,6.3,4.3,-1.8,163,162,121,109,95,63,,,,,,,,,
198609,152,119,87,40,13,-9,149,136,93,166,136,87,,,,,,,,,,5,3.4,0.2,169,154,116,109,88,68,,,,,,,,,
198610,134,123,100,33,16,0,143,131,106,148,134,106,,,,,,,,,,6.6,4.6,0.2,170,157,116,106,98,62,,,,,,,,,
198611,150,117,97,49,12,-3,137,131,93,161,130,96,,,,,,,,,,5.2,4.8,0.3,168,168,119,99,101,72,,,,,,,,,
198612,129,130,91,29,26,1,146,133,103,149,145,95,,,,,,,,,,5.2,3.3,0.3,172,152,126,99,89,66,,,,,,,,,
198701,143,128,84,45,25,-6,150,134,102,161,143,88,,,,,,,,,,5.4,3.9,0.1,169,163,113,97,90,71,,,,,,,,,
198702,138,118,86,37,17,-13,148,128,100,152,129,94,,,,,,,,,,5.2,3.2,0.1,161,158,114,99,88,61,,,,,,,,,
198703,148,108,89,45,10,-12,151,127,91,164,123,86,,,,,,,,,,5.1,3.1,0,170,152,107,102,87,59,,,,,,,,,
198704,137,113,95,40,15,-1,146,133,100,151,131,96,,,,,,,,,,6.8,3.5,0.1,176,149,114,106,84,71,,,,,,,,,
198705,139,129,87,35,24,-6,139,127,98,151,137,90,,,,,,,,,,5.1,4.2,0.2,158,161,112,98,88,62,,,,,,,,,
198706,142,118,99,37,13,7,139,131,95,154,135,93,,,,,,,,,,5,3.3,0.2,169,158,122,94,89,54,,,,,,,,,
198707,148,126,96,43,29,0,137,134,96,158,139,92,,,,,,,,,,5.1,4.1,-0.9,173,160,108,96,83,70,,,,,,,,,
198708,143,128,87,40,22,-3,145,133,97,156,142,87,,,,,,,,,,5.8,4.2,-1.8,168,161,122,110,79,63,,,,,,,,,
198709,141,120,98,38,19,-3,150,133,94,161,139,100,,,,,,,,,,4.9,3,0.2,154,162,123,101,80,61,,,,,,,,,
198710,139,117,97,31,15,0,145,128,111,149,127,107,,,,,,,,,,5.2,4.5,0.2,165,154,120,98,95,71,,,,,,,,,
198711,135,121,89,38,24,0,147,119,88,152,125,82,,,,,,,,,,6.6,3.9,0.3,181,153,120,105,90,65,,,,,,,,,
198712,142,127,90,39,18,-7,136,134,92,150,139,88,,,,,,,,,,4.7,4.7,-1,156,160,101,90,97,56,,,,,,,,,
198801,148,123,94,47,24,7,139,145,106,161,145,102,,,,,,,,,,4.9,4.8,0.1,175,164,117,97,84,70,,,,,,,,,
198802,142,123,96,46,25,5,155,125,106,162,134,103,,,,,,,,,,5.2,3.3,0.3,172,154,123,101,94,66,,,,,,,,,
198803,149,130,99,48,24,1,153,138,103,168,143,101,,,,,,,,,,5.5,4.3,0.1,176,161,113,108,88,75,,,,,,,,,
198804,140,112,101,27,17,4,140,131,104,153,127,107,,,,,,,,,,4.9,2.4,0.2,169,144,122,95,91,71,,,,,,,,,
198805,132,115,86,35,8,-4,146,133,102,150,128,88,,,,,,,,,,5,3.4,-0.8,167,148,120,96,86,72,,,,,,,,,
198806,143,132,83,36,28,-7,153,141,95,158,149,84,,,,,,,,,,5.6,3.9,0.1,165,154,114,103,95,57,,,,,,,,,
198807,139,119,101,37,36,-3,147,130,101,160,134,100,,,,,,,,,,5.2,4.6,0.1,176,164,112,104,82,66,,,,,,,,,
198808,152,132,94,58,32,-6,147,138,94,158,144,93,,,,,,,,,,5.6,4.9,0.2,173,170,124,100,93,70,,,,,,,,,
198809,149,121,107,50,25,4,148,137,108,162,139,111,,,,,,,,,,5.4,4.6,0.3,167,161,128,107,98,74,,,,,,,,,
198810,131,122,88,32,19,-4,149,129,94,148,135,90,,,,,,,,,,6.7,4.3,-1.8,160,155,125,100,89,63,,,,,,,,,
198811,139,105,87,43,10,-1,145,130,102,153,124,94,,,,,,,,,,5.5,4.6,0.4,177,156,132,101,90,71,,,,,,,,,
198812,140,114,86,39,19,-7,154,138,88,159,131,82,,,,,,,,,,6.3,3.9,0.2,170,164,117,102,77,48,,,,,,,,,
198901,141,126,92,32,31,-5,158,128,101,162,138,98,,,,,,,,,,5.8,3.3,0.3,164,148,125,100,77,65,,,,,,,,,
198902,147,119,93,42,19,-8,149,134,105,167,135,96,,,,,,,,,,5.3,4.8,0.2,175,164,124,95,88,61,,,,,,,,,
198903,142,110,94,38,9,4,150,132,109,159,127,104,,,,,,,,,,5.1,4,-0.8,165,150,119,100,76,62,,,,,,,,,
198904,134,106,94,35,16,5,151,132,100,151,127,101,,,,,,,,,,5.4,3.1,-0.7,172,151,124,101,77,59,,,,,,,,,
198905,143,118,99,42,16,-4,147,127,99,160,125,101,,,,,,,,,,5.2,4.5,-0.8,170,153,120,103,86,60,,,,,,,,,
198906,143,108,92,38,12,0,139,130,100,153,128,93,,,,,,,,,,4.9,2.9,-3.8,171,153,118,89,79,53,,,,,,,,,
198907,138,117,81,34,16,-1,147,135,88,155,137,79,,,,,,,,,,5.4,2.8,-3.9,171,154,118,101,77,61,,,,,,,,,
198908,153,110,82,50,14,-1,158,126,96,170,124,84,,,,,,,,,,6.8,4.6,0.2,177,158,118,109,81,66,,,,,,,,,
198909,147,110,96,41,13,-8,150,138,99,161,127,95,,,,,,,,,,5.4,4,0.1,168,156,107,99,77,61,,,,,,,,,
198910,137,114,93,30,18,0,162,132,108,163,129,103,,,,,,,,,,6.9,4.2,0.2,178,155,115,107,86,58,,,,,,,,,
198911,136,120,87,29,27,-8,151,134,101,156,137,89,,,,,,,,,,5.1,4.5,-1.5,176,171,140,111,81,64,,,,,,,,,
198912,127,122,93,33,22,3,148,133,103,147,135,99,,,,,,,,,,5.2,4.6,0.2,170,156,120,105,80,53,,,,,,,,,
199001,138,120,90,39,22,-6,141,136,94,149,137,93,,,,,,,,,,4.9,4.6,0.2,172,157,124,93,81,63,,,,,,,,,
199002,136,97,88,38,8,-5,153,130,93,158,115,87,,,,,,,,,,5.2,3.8,0.1,168,157,115,110,72,60,,,,,,,,,
199003,134,118,100,39,25,0,151,131,94,156,133,95,,,,,,,,,,5.3,4.8,0.1,170,157,112,95,94,65,,,,,,,,,
199004,147,124,97,36,21,6,156,153,104,169,148,102,,,,,,,,,,5.5,5.1,-1.7,181,169,125,101,99,62,,,,,,,,,
199005,149,118,92,34,17,-1,152,134,93,162,135,94,,,,,,,,,,7.1,5,0.2,180,164,121,108,83,70,,,,,,,,,
199006,146,113,95,41,21,7,151,121,99,164,118,100,,,,,,,,,,5.1,3.9,0.2,169,146,119,98,76,68,,,,,,,,,
199007,133,118,90,33,21,0,151,127,101,153,129,97,,,,,,,,,,5.7,4.9,-2.7,174,162,128,106,85,67,,,,,,,,,
199008,126,113,74,32,19,-11,141,128,87,145,128,74,,,,,,,,,,5.2,4.9,0.2,166,163,114,90,71,56,,,,,,,,,
199009,130,99,88,30,18,-2,130,117,90,141,110,90,,,,,,,,,,5,3.3,0.1,166,153,113,85,68,59,,,,,,,,,
199010,111,89,75,15,0,0,140,108,72,132,95,66,,,,,,,,,,5,3.8,0.1,164,155,105,76,64,47,,,,,,,,,
199011,114,98,78,28,8,-2,136,112,87,130,108,80,,,,,,,,,,4.6,3.6,0.3,159,146,122,92,68,67,,,,,,,,,
199012,122,97,75,28,11,-8,128,113,90,134,108,74,,,,,,,,,,4.9,2.6,0.2,157,154,116,81,73,56,,,,,,,,,
199101,129,100,84,30,4,-16,143,117,92,148,107,83,,,,,,,,,,5.3,3.1,0.1,171,153,114,103,79,61,,,,,,,,,
199102,101,100,85,11,5,-4,132,131,94,121,119,89,,,,,,,,,,4.5,3.1,0.3,150,152,126,86,70,55,,,,,,,,,
199103,123,93,86,22,6,-11,145,132,94,149,113,87,,,,,,,,,,5.1,4.6,-1.9,162,155,116,93,81,67,,,,,,,,,
199104,112,100,88,18,9,-7,148,130,94,136,119,92,,,,,,,,,,5.2,3.3,-0.8,159,158,119,93,76,57,,,,,,,,,
199105,131,90,88,26,-1,-11,142,130,100,151,116,85,,,,,,,,,,4.8,3.2,0.2,157,139,123,83,71,63,,,,,,,,,
199106,126,96,90,24,2,-1,147,124,89,148,113,88,,,,,,,,,,5.1,4,0.1,163,142,111,91,82,62,,,,,,,,,
199107,114,110,87,26,14,-10,139,121,99,132,122,92,,,,,,,,,,4.7,3.5,-0.8,160,150,111,99,76,62,,,,,,,,,
199108,125,100,83,20,4,-8,142,127,102,145,123,89,,,,,,,,,,3.3,2.9,0.2,153,153,122,84,75,67,,,,,,,,,
199109,135,93,83,31,-3,-12,136,130,99,149,114,89,,,,,,,,,,4.7,4.4,0.2,175,159,126,103,81,59,,,,,,,,,
199110,124,95,83,25,2,-6,143,132,99,142,119,84,,,,,,,,,,5,3,0.1,177,152,115,93,68,55,,,,,,,,,
199111,107,80,76,15,-12,0,141,126,91,124,104,78,,,,,,,,,,5,3,0.3,157,146,125,103,74,54,,,,,,,,,
199112,115,83,68,15,-5,-13,142,116,90,136,97,70,,,,,,,,,,4.9,2.8,0.2,161,143,115,98,73,62,,,,,,,,,
199201,104,88,77,4,-9,-12,142,118,93,126,101,78,,,,,,,,,,4,2.2,0.2,153,132,115,87,74,65,,,,,,,,,
199202,119,80,71,17,-16,-18,144,124,98,145,101,79,,,,,,,,,,4.1,2.6,0.2,157,136,121,90,80,59,,,,,,,,,
199203,122,92,65,25,-4,-9,124,125,92,129,115,74,,,,,,,,,,5.1,3.3,0.1,158,145,106,95,80,63,,,,,,,,,
199204,111,101,72,16,2,-7,151,132,97,141,120,76,,,,,,,,,,4.9,3.1,0.1,168,152,112,107,86,64,,,,,,,,,
199205,116,99,75,15,-5,-14,146,125,94,139,115,76,,,,,,,,,,5.3,2.8,0.1,174,142,107,109,70,65,,,,,,,,,
199206,124,99,76,22,-3,-18,146,137,92,145,120,77,,,,,,,,,,4.7,4.4,0.1,168,159,111,108,91,63,,,,,,,,,
199207,119,96,73,9,-3,0,146,123,107,145,113,85,,,,,,,,,,4.9,1.1,0.2,167,136,117,88,76,66,,,,,,,,,
199208,110,93,67,12,0,-19,148,121,92,136,111,72,,,,,,,,,,5.1,3.1,-1.9,165,149,111,98,67,54,,,,,,,,,
199209,133,99,76,25,-4,-4,140,135,94,152,120,76,,,,,,,,,,5.2,4.2,0.1,164,155,109,93,87,63,,,,,,,,,
199210,101,94,74,12,-3,-11,143,121,99,131,110,76,,,,,,,,,,4.9,2.8,0.2,164,145,122,103,77,67,,,,,,,,,
199211,125,111,88,27,10,-11,144,121,101,147,123,101,,,,,,,,,,5.5,3.4,0.2,171,157,120,102,89,65,,,,,,,,,
199212,129,95,70,21,-6,-17,146,133,111,151,119,86,,,,,,,,,,5.1,3.4,0.4,175,159,127,105,84,67,,,,,,,,,
199301,128,109,95,11,11,-8,148,127,107,148,122,100,,,,,,,,,,4.5,2.6,1.2,166,151,143,93,87,73,,,,,,,,,
199302,122,98,78,21,0,-4,150,133,91,146,121,81,,,,,,,,,,4.9,4.5,0,167,153,103,97,87,61,,,,,,,,,
199303,132,107,94,37,5,-8,142,119,95,143,118,87,,,,,,,,,,4.2,3,0.1,158,152,105,99,79,61,,,,,,,,,
199304,126,110,78,17,9,-11,147,124,92,150,118,81,,,,,,,,,,4.9,3,0,166,152,103,96,78,53,,,,,,,,,
199305,123,102,85,26,9,-2,139,113,93,139,111,85,,,,,,,,,,5,2.8,0.2,160,148,118,98,82,67,,,,,,,,,
199306,144,96,76,37,3,-11,140,119,86,154,111,72,,,,,,,,,,5.1,2.7,0.1,163,136,101,96,73,51,,,,,,,,,
199307,136,97,74,37,4,-10,127,120,87,146,111,77,,,,,,,,,,3.5,2.4,0.1,161,139,103,83,88,64,,,,,,,,,
199308,123,99,69,24,5,-19,147,114,85,145,109,64,,,,,,,,,,5.1,2.6,0.1,167,138,116,99,75,64,,,,,,,,,
199309,118,108,85,19,10,-7,133,120,89,137,113,89,,,,,,,,,,5.1,2.7,0.2,177,146,113,102,80,65,,,,,,,,,
199310,116,112,84,22,5,-14,144,123,87,138,120,82,,,,,,,,,,5.1,2.9,0.2,163,150,117,89,82,55,,,,,,,,,
199311,126,105,90,24,9,-8,138,122,100,139,117,97,,,,,,,,,,5.3,3,0.2,172,149,114,95,70,65,,,,,,,,,
199312,141,101,96,36,7,-1,141,121,100,154,116,96,,,,,,,,,,4.7,2.4,0.2,170,147,121,102,74,65,,,,,,,,,
199401,131,106,106,33,12,-3,139,125,102,147,122,110,,,,,,,,,,4.7,2.9,0.1,155,147,111,100,84,67,,,,,,,,,
199402,142,112,84,37,15,-3,144,130,104,154,130,92,,,,,,,,,,5,3.4,0.2,161,161,117,104,95,63,,,,,,,,,
199403,135,105,83,33,10,-4,149,135,98,157,125,88,,,,,,,,,,4.3,3.8,0.1,159,150,116,96,87,63,,,,,,,,,
199404,136,117,100,30,15,-3,147,123,106,150,128,102,,,,,,,,,,5.3,3.5,0.3,165,155,129,96,84,66,,,,,,,,,
199405,136,108,91,32,10,1,147,129,94,154,124,94,,,,,,,,,,5,3,0.1,166,137,113,93,79,83,,,,,,,,,
199406,133,111,90,31,7,-2,148,131,102,150,124,96,,,,,,,,,,5.1,3,0.1,164,153,116,108,80,59,,,,,,,,,
199407,136,115,100,37,13,-3,141,128,99,147,129,100,,,,,,,,,,5,3,0.1,162,152,111,91,78,68,,,,,,,,,
199408,138,119,96,43,21,3,138,139,99,153,139,94,,,,,,,,,,4.8,3.1,0.2,164,154,122,97,84,56,,,,,,,,,
199409,126,110,82,25,13,-13,138,140,111,140,131,96,,,,,,,,,,4.5,3.4,-0.8,157,165,123,84,82,58,,,,,,,,,
199410,119,109,97,25,20,-6,157,131,106,150,123,102,,,,,,,,,,4.9,2.5,0.2,170,151,127,101,66,64,,,,,,,,,
199411,131,116,81,31,17,-4,146,128,96,148,126,88,,,,,,,,,,4.8,2.7,0.1,171,149,116,100,87,61,,,,,,,,,
199412,129,118,93,32,18,4,153,133,104,151,134,98,,,,,,,,,,5,3.4,0.2,168,162,121,96,84,61,,,,,,,,,
199501,142,125,95,39,21,-17,154,130,99,162,140,100,,,,,,,,,,4.9,3.1,-0.7,170,164,120,105,79,75,,,,,,,,,
199502,139,125,95,38,29,-8,149,135,101,154,140,96,,,,,,,,,,4.8,3.3,0.2,164,162,124,103,87,60,,,,,,,,,
199503,126,114,91,28,15,-6,136,124,99,139,125,94,,,,,,,,,,4.5,2.9,0.3,162,156,129,84,92,55,,,,,,,,,
199504,136,116,95,32,13,-1,153,133,104,150,135,103,,,,,,,,,,5,2.4,0.2,166,146,123,116,73,65,,,,,,,,,
199505,134,115,92,36,11,-4,139,131,104,151,129,101,,,,,,,,,,4.5,3.1,-0.6,160,156,129,103,80,67,,,,,,,,,
199506,146,113,96,43,9,-3,158,132,99,166,129,97,,,,,,,,,,4.8,3,0.3,171,158,122,108,80,60,,,,,,,,,
199507,127,121,89,30,20,-9,152,129,108,149,130,93,,,,,,,,,,4.6,3.2,0.3,152,158,127,98,85,77,,,,,,,,,
199508,152,124,94,45,17,-1,146,134,102,163,138,99,,,,,,,,,,5.2,3.1,0.1,168,162,113,107,89,59,,,,,,,,,
199509,126,118,91,24,25,-7,141,128,92,139,135,88,,,,,,,,,,4.8,2.9,0,163,153,107,93,86,65,,,,,,,,,
199510,140,111,82,38,14,-12,139,130,89,154,128,82,,,,,,,,,,4.8,3.1,0.2,166,150,117,106,76,62,,,,,,,,,
199511,124,110,93,22,13,-3,146,130,95,150,130,90,,,,,,,,,,3.5,3.3,0.3,165,155,128,91,83,58,,,,,,,,,
199512,142,110,90,45,12,-7,150,132,100,152,127,96,,,,,,,,,,5,2.6,0.3,171,150,124,109,85,56,,,,,,,,,
199601,130,114,102,32,15,1,154,137,101,154,132,102,,,,,,,,,,4.7,3.6,0.3,163,158,125,89,79,75,,,,,,,,,
199602,135,115,89,33,16,-6,145,127,90,153,129,85,,,,,,,,,,5,3,0.2,162,150,115,110,79,61,,,,,,,,,
199603,126,113,98,29,11,-13,159,137,96,153,134,97,,,,,,,,,,5.3,3.3,0.2,174,165,120,111,83,67,,,,,,,,,
199604,141,118,98,29,16,-7,143,137,103,157,139,102,,,,,,,,,,4.7,3.2,0.2,162,156,119,99,87,56,,,,,,,,,
199605,132,116,96,33,10,-5,139,127,101,148,129,100,,,,,,,,,,4.5,2.7,0.2,158,151,129,97,76,72,,,,,,,,,
199606,132,124,97,31,26,0,155,126,107,151,134,100,,,,,,,,,,4.6,2.7,0.2,162,157,125,92,79,60,,,,,,,,,
199607,133,119,93,33,22,-15,153,128,106,153,131,101,,,,,,,,,,4.9,3.4,0.2,164,155,123,108,89,62,,,,,,,,,
199608,146,116,96,40,22,-6,158,131,99,163,132,98,,,,,,,,,,5,2.9,0.2,182,148,114,110,86,66,,,,,,,,,
199609,130,109,88,34,13,-9,157,134,100,157,130,96,,,,,,,,,,5,3.1,0.5,171,163,137,105,80,63,,,,,,,,,
199610,125,114,108,23,11,1,144,136,103,143,132,110,,,,,,,,,,4.5,3.5,0.3,164,163,127,104,84,67,,,,,,,,,
199611,141,125,98,39,27,2,157,143,100,162,146,100,,,,,,,,,,5,3.1,0.3,172,154,128,112,88,69,,,,,,,,,
199612,150,118,89,39,14,3,146,137,115,162,133,104,,,,,,,,,,4.8,3,-0.5,178,156,138,102,79,71,,,,,,,,,
199701,133,122,94,36,17,-4,150,133,101,155,138,103,,,,,,,,,,6,3.1,0.4,175,153,126,109,84,67,,,,,,,,,
199702,124,120,98,18,18,3,150,148,103,145,143,104,,,,,,,,,,5.1,3.5,0.4,164,164,132,108,90,59,,,,,,,,,
199703,131,122,104,30,17,-3,153,135,115,149,138,112,,,,,,,,,,5.1,3,0.2,169,157,119,106,80,64,,,,,,,,,
199704,158,134,105,50,24,8,147,134,109,165,146,111,,,,,,,,,,4.6,3.5,0.2,169,166,118,107,88,65,,,,,,,,,
199705,156,113,102,46,6,-2,153,147,112,167,138,113,,,,,,,,,,5,3.4,0.3,173,160,122,103,91,65,,,,,,,,,
199706,153,125,107,44,20,0,147,142,103,165,144,109,,,,,,,,,,5.2,3.2,-0.7,177,154,128,99,87,68,,,,,,,,,
199707,158,131,107,49,26,3,152,138,111,171,146,115,,,,,,,,,,5,3.1,0.2,177,163,126,108,76,71,,,,,,,,,
199708,141,120,103,38,25,5,155,147,111,160,142,108,,,,,,,,,,3.8,3,0.2,162,164,123,104,88,69,,,,,,,,,
199709,148,127,106,46,25,7,160,144,111,167,146,113,,,,,,,,,,4.5,2.9,-0.7,166,156,129,111,83,69,,,,,,,,,
199710,140,129,106,39,26,11,155,143,112,158,146,114,,,,,,,,,,5.2,3.4,-1.6,164,162,136,116,93,63,,,,,,,,,
199711,151,133,106,45,30,1,154,143,117,163,148,124,,,,,,,,,,4.9,3.4,0.6,175,168,140,99,95,71,,,,,,,,,
199712,143,127,104,48,27,9,156,146,109,166,149,106,,,,,,,,,,5.3,3.3,0.2,175,167,122,117,99,66,,,,49.8,41.9,21.5,26.3,22.8,6.6
199801,147,119,110,47,16,8,166,149,109,171,148,113,,,,,,,,,,5.5,2.7,0.3,184,155,132,118,85,86,,,,56.8,39,18.9,22.2,19,5.2
199802,160,143,125,47,32,14,159,151,126,170,163,134,,,,,,,,,,5.4,3.4,0.5,177,168,140,116,94,87,,,,53.9,44.9,26.8,21.4,22.6,7.1
199803,151,129,108,45,29,10,143,145,111,161,149,111,,,,,,,,,,4.8,2.8,-1.7,166,158,137,106,93,71,,,,52.3,44,21.7,22.9,23.6,2.6
199804,142,132,122,34,27,7,160,143,113,166,153,129,,,,,,,,,,4.5,3.1,0.3,174,157,129,109,99,78,,,,53.6,43.6,24,20.9,19.3,7.1
199805,154,131,106,50,25,4,155,138,111,167,146,113,,,,,,,,,,4.9,2.9,-0.6,167,158,134,107,86,77,,,,48.5,43.3,23.9,22.1,22.5,6.3
199806,151,140,101,45,27,7,147,142,117,162,155,114,,,,,,,,,,4.1,3.2,-0.6,165,163,139,111,95,77,,,,50.3,44.1,21.5,21.8,21.1,5.3
199807,159,131,110,47,31,9,160,145,112,173,151,115,,,,,,,,,,4.9,3.3,0.3,173,159,130,115,93,70,,,,54.1,44.3,25.6,19.6,22.7,7.6
199808,151,137,112,47,24,16,160,151,109,163,156,118,,,,,,,,,,4.8,4.8,0.3,168,166,126,113,109,80,,,,59.6,50.3,25.9,21.1,22.3,8.5
199809,144,123,113,47,16,7,152,135,108,160,136,116,,,,,,,,,,5,3.3,-0.8,178,160,124,123,103,79,,,,55.2,45.2,23.5,23.8,23.7,6
199810,149,133,112,46,31,7,156,136,111,162,147,119,,,,,,,,,,4.9,3.3,0.2,175,162,120,109,92,76,,,,55.1,40.3,26.2,20.4,22.7,7
199811,156,130,107,50,30,9,158,136,101,172,142,106,,,,,,,,,,5.2,3.5,0.3,177,165,132,113,88,71,,,,52.1,44.1,26,22,23.9,5.9
199812,140,133,111,37,28,15,153,140,107,156,150,112,,,,,,,,,,3.6,3.9,0.3,169,175,126,98,98,64,,,,52.6,47.4,25.8,18.7,21.5,8.4
199901,147,146,103,44,38,9,151,140,105,157,158,108,,,,,,,,,,4.3,3.3,0.3,162,160,127,112,98,66,,,,54.8,48,23.1,21.1,22.5,6.7
199902,150,140,110,43,29,4,153,149,112,163,157,115,,,,,,,,,,4.5,4.4,0.3,166,166,131,112,104,73,,,,52.4,49,22.1,20.8,21.6,5.3
199903,154,128,112,56,24,8,156,138,108,168,144,119,,,,,,,,,,5.1,3.1,0.3,177,154,130,124,101,67,,,,55.6,46.4,29.3,20.3,21,8.3
199904,148,148,100,42,40,5,158,145,106,159,161,104,,,,,,,,,,4.9,3.2,0.3,174,160,126,112,82,62,,,,52.7,44.9,24.6,20.6,27.7,8.5
199905,148,137,111,43,30,11,156,137,112,161,151,118,,,,,,,,,,5.3,3.1,0.3,179,160,131,117,87,75,,,,51.1,43.7,29.8,23.8,22.2,9
199906,144,136,118,42,26,10,151,141,106,156,149,115,,,,,,,,,,5.2,3.4,0.4,174,167,134,110,94,67,,,,53.5,44.3,21,23.1,21,6.6
199907,145,140,109,43,36,2,149,144,112,158,156,121,,,,,,,,,,4.9,3.6,0.3,170,173,132,113,99,78,,,,51.1,47.8,29.2,24.5,22.1,13.8
199908,156,136,101,53,38,6,157,142,114,173,149,113,,,,,,,,,,5.3,4.2,0.4,177,162,139,107,84,69,,,,49,45.1,26.9,20.3,21.8,8.7
199909,152,140,102,45,30,7,157,140,109,167,152,110,,,,,,,,,,5.1,3.5,0.3,180,166,126,101,102,76,,,,51.3,47.1,25.9,24,19.2,7.1
199910,146,138,93,44,33,-3,147,135,117,160,150,110,,,,,,,,,,4.9,4.1,0.4,176,170,130,111,94,70,,,,54.4,44.4,22.1,21.1,21.1,6.3
199911,155,141,117,59,28,14,153,142,120,171,153,124,,,,,,,,,,4.9,3.6,-0.7,173,166,136,119,96,77,,,,52.3,47.2,28.1,22.8,21.7,5.8
199912,152,137,111,48,31,8,149,135,113,163,148,117,,,,,,,,,,4.9,3.1,-1.5,180,154,140,111,92,77,,,,53.8,43.5,26.7,18.3,21.4,6.4
200001,152,138,119,53,30,14,158,145,121,169,156,131,,,,,,,,,,5.1,3.3,0.4,170,164,134,122,96,82,,,,52.4,45,30.3,20.9,20,5.4
200002,151,135,114,56,31,18,155,143,120,170,151,121,,,,,,,,,,5.2,4.2,-0.6,171,166,140,117,98,75,,,,55.1,50.4,31.6,20.7,20.6,13
200003,156,144,104,58,35,4,157,143,108,169,155,109,,,,,,,,,,5.7,3.7,0.4,180,160,134,107,98,67,,,,54.9,46.3,23.3,21.4,21.6,6.5
200004,143,142,105,42,36,4,155,143,110,159,155,114,,,,,,,,,,4.7,3.6,0.4,172,160,135,121,98,71,,,,54.1,45.7,27.3,19.5,19.5,8.5
200005,163,147,108,54,43,10,149,143,118,175,162,117,,,,,,,,,,4.8,3.5,0.5,176,164,136,108,104,74,,,,55.2,44.2,27.4,19.8,20,6.2
200006,151,129,111,44,27,4,156,135,125,164,143,123,,,,,,,,,,5.4,3,0.4,180,164,136,107,90,76,,,,50.4,45,26.6,17.6,24.5,8.8
200007,147,142,100,35,37,1,153,149,112,163,158,111,,,,,,,,,,5.6,3.6,0.2,177,164,121,119,94,67,,,,55.4,47,21,22.3,25.3,6.6
200008,150,129,101,43,25,3,153,146,118,162,150,114,,,,,,,,,,5.3,3.6,0.4,176,164,133,121,100,76,,,,54.6,47.3,25.2,21.9,21.7,6.9
200009,140,137,96,37,32,6,165,134,106,164,144,100,,,,,,,,,,5.3,4.4,0.5,173,168,138,113,90,75,,,,54.5,43.1,24.6,21.6,23.6,5.8
200010,154,137,100,46,28,1,147,140,109,165,148,104,,,,,,,,,,4.8,3.7,0.4,172,164,129,107,92,71,,,,48,46.4,25.3,19.6,19.5,9.7
200011,159,145,99,52,34,2,156,144,115,173,160,114,,,,,,,,,,4.9,3.8,0.6,176,173,132,110,100,65,,,,55.7,47,28.1,20.4,21.9,6.6
200012,147,123,111,45,21,5,150,134,112,159,139,116,,,,,,,,,,5.3,3.4,0.4,174,158,135,113,91,84,,,,55.9,45.7,26,18.7,22.3,5.8
200101,141,124,106,35,28,7,139,132,105,148,138,104,,,,,,,,,,4.6,3.3,0.4,165,169,130,109,96,69,,,,54,43.2,25.8,19.3,22.5,5.9
200102,145,125,103,44,29,5,146,138,107,157,143,108,,,,,,,,,,5,4.6,0.3,174,166,126,118,99,71,,,,52.5,47.1,24.9,22.5,24.4,10.2
200103,136,126,96,36,23,8,156,135,105,160,141,99,,,,,,,,,,5,3.5,0.4,168,165,127,100,95,66,,,,53,45,24.3,20.7,23.1,8
200104,147,113,79,43,14,-5,148,138,117,158,133,97,,,,,,,,,,5.5,2.9,0.1,171,153,115,100,91,72,,,,52.5,41.1,26.3,23.2,22.1,8.5
200105,148,119,78,46,23,-8,153,131,110,165,132,88,,,,,,,,,,5.7,3.2,0.3,187,155,125,112,88,65,,,,56.2,45.9,25.6,20,21.9,11.9
200106,145,117,92,43,16,-6,130,134,112,156,131,105,,,,,,,,,,4.5,3.2,0.3,155,160,125,105,89,70,,,,50.6,44.4,27.7,24.6,22,7.5
200107,144,110,97,41,13,5,154,137,115,158,131,110,,,,,,,,,,3.3,2.7,0.4,163,147,133,113,93,76,,,,53.7,41.4,29.8,27.1,22.4,11.1
200108,145,114,101,40,11,3,144,139,99,160,137,105,,,,,,,,,,4.8,3.9,0.2,168,162,123,117,102,70,,,,54,47.1,25.2,25.1,24.4,5.6
200109,129,109,93,16,12,-4,150,128,113,149,124,99,,,,,,,,,,3.3,2.9,0.2,161,155,117,113,86,72,,,,49.7,45.1,27.5,22.8,26.6,9.1
200110,137,116,73,29,12,-15,140,132,115,152,127,91,,,,,,,,,,4.6,2.7,0.1,168,155,113,107,92,75,,,,48.7,44.8,26.5,21.5,21.8,7.9
200111,126,106,94,23,4,-8,155,138,114,149,130,105,,,,,,,,,,4.6,2.9,0.3,160,150,126,111,94,70,,,,51.3,43.1,27.9,25.8,24.7,8.3
200112,126,108,93,29,10,-2,154,141,120,152,132,107,,,,,,,,,,4.9,3.3,0.6,164,160,126,115,97,81,,,,50.8,45.7,31.6,25.7,22.4,8.9
200201,123,103,93,23,8,0,159,149,120,156,133,109,,,,,,,,,,4.7,3.3,-0.6,165,152,131,119,107,68,,,,58.5,52.7,28.4,24.3,23.9,8.4
200202,127,100,95,29,1,-6,150,142,120,154,126,111,,,,,,,,,,5,3.6,0.4,179,160,130,115,98,71,,,,52.1,48.6,30.7,26.7,24.8,7.2
200203,127,120,93,19,16,-2,156,142,112,146,141,104,,,,,,,,,,4.9,3.3,0.3,160,151,123,114,92,76,,,,55.5,43.7,29.8,25.5,24.2,7
200204,141,117,89,31,19,-13,157,140,110,165,136,103,,,,,,,,,,4.8,3.2,-0.6,168,165,128,111,97,76,,,,51.6,45.1,28.5,26.6,24.8,7.9
200205,133,113,85,24,7,-14,154,142,115,152,138,100,,,,,,,,,,4.5,3.7,0.3,170,155,124,109,93,72,,,,53.1,46.3,25.2,20.9,24.9,8.5
200206,119,109,82,13,1,-6,158,144,113,142,135,100,,,,,,,,,,4.8,3.3,0.4,163,154,132,106,86,67,64.4,57.7,34.2,53.4,46.5,26.9,27.4,24.4,11.2
200207,123,115,83,13,8,-10,151,144,106,146,139,91,,,,,,,,,,5.6,3.7,0.3,177,161,122,112,91,64,68.5,55.8,32.9,55.1,47.7,27.8,27.6,26.4,8
200208,127,109,96,20,11,3,140,135,118,144,125,109,,,,,,,,,,4.1,3.1,0.4,150,156,134,112,98,76,60,56.2,34.2,54.3,41.5,26.1,30.4,24.6,8.6
200209,123,110,79,25,5,-3,143,146,102,145,136,89,,,,,,,,,,4.8,3.4,0.4,167,165,127,107,99,64,63.8,61.6,35.1,53.5,44.6,23,22.6,26.4,7.6
200210,133,103,72,24,11,-9,151,142,106,158,126,85,,,,,,,,,,5,3,0.3,175,150,119,117,93,63,64,53.3,32.7,54.4,45.5,29.1,28.9,26.5,10.8
200211,125,101,69,20,4,-14,145,135,109,147,123,86,,,,,,,,,,4.7,3.2,0.4,162,158,128,110,95,73,65.6,58.1,32.1,53.1,46,29.9,27.5,26.5,9.6
200212,143,107,68,32,3,-6,148,149,108,163,136,84,,,,,,,,,,5,3.4,0.3,169,156,118,104,93,81,65.2,57.6,36.9,53.8,46.1,28.6,24.8,27.6,13.2
200301,131,111,83,23,12,1,143,133,105,147,130,93,,,,,,,,,,5,3.2,0.4,160,150,126,106,96,68,59.6,56.2,32.8,49.6,47.3,27.9,28.6,24,8.7
200302,116,103,89,15,-2,-2,153,133,98,144,124,93,,,,,,,,,,5.2,2.6,0.2,172,151,119,97,88,58,63.2,52.2,28.5,52.4,44.7,23.8,28.3,28.1,9.7
200303,127,107,58,20,6,-15,159,134,97,155,125,71,,,,,,,,,,4.8,3,0.3,164,152,118,103,94,65,64.9,57.6,32.7,52.5,46,24.9,25.5,24.2,12.6
200304,143,111,86,31,7,-10,152,136,111,159,131,96,,,,,,,,,,5.2,2.7,0.3,167,151,125,114,93,68,60.1,55.6,36.8,56.6,45,27.5,24.8,28.3,7.7
200305,121,101,76,20,4,-11,170,141,114,156,129,93,,,,,,,,,,5.2,2.8,0.2,177,151,119,124,89,70,64.3,51.5,30.2,58.1,43.9,28.7,27.5,28,8.9
200306,114,113,78,14,10,-11,152,143,116,143,134,97,,,,,,,,,,4.8,3.3,0.2,167,161,116,97,94,74,57,55.6,32.5,49.4,46.9,26.1,27.1,27.8,7.5
200307,121,118,90,20,12,-6,146,140,122,145,136,104,,,,,,,,,,5,3.4,0.6,163,158,129,110,88,78,59.6,56.4,39.9,50.9,45.6,33.4,27,26.5,8.4
200308,126,118,87,23,15,-5,144,136,98,147,131,89,,,,,,,,,,4.9,3.3,0.3,177,146,123,111,94,65,62.1,54.4,34.4,55,45.8,25.5,21.4,26,11.1
200309,137,112,77,28,15,-1,159,136,111,161,129,90,,,,,,,,,,5.4,3.1,-0.7,175,161,125,120,92,62,66.4,53.2,34.4,53.2,43.7,26.3,27,27.3,9.2
200310,135,115,87,29,14,-8,153,131,101,159,129,95,,,,,,,,,,3.5,2.1,0.4,165,152,133,109,85,79,63.1,51.8,36.4,51.9,43.1,27.8,28.9,26.6,7
200311,135,104,93,25,2,-1,144,132,114,153,119,100,,,,,,,,,,4.6,3,0.4,169,155,131,116,96,75,67.4,59.8,36.3,53.6,46.7,28.2,28.2,27.8,10.4
200312,115,111,90,12,9,-2,136,131,100,130,126,94,,,,,,,,,,4.8,3.3,0.3,163,164,128,106,86,67,54.7,59.1,38.5,49.9,40.8,27.8,31.2,31.9,11.1
200401,141,129,92,32,28,-10,155,146,113,159,148,104,,,,,,,,,,4.6,3,0.4,164,155,136,113,98,77,60.4,59.6,36.7,48.1,46.6,26.8,29.2,28.7,8.4
200402,144,109,93,41,12,-1,145,143,100,156,131,101,,,,,,,,,,5.1,3.1,0.4,163,156,131,105,97,58,69.2,56.7,33.5,55.9,44.9,24,29.6,25.4,8.4
200403,130,120,94,24,17,0,150,143,113,152,142,105,,,,,,,,,,5,3.1,-0.5,169,165,138,115,93,64,66.7,59.1,36.4,50.5,44.2,27.8,23.5,27,10.1
200404,136,118,92,26,11,-9,161,133,112,163,132,105,,,,,,,,,,4.9,2.5,0.3,169,145,121,119,77,63,67.8,50.5,33.7,52.5,40.4,29.2,28.3,27.5,10.7
200405,135,112,99,20,14,3,153,123,109,157,120,106,,,,,,,,,,4.5,2.9,0.5,170,158,132,111,80,61,72.4,60.4,39.8,53.1,41.9,27.7,31.4,28.5,9.5
200406,134,119,93,34,16,1,144,144,105,149,139,95,,,,,,,,,,4.8,3.4,0.4,166,164,131,99,90,65,64.7,63.5,38.6,54,46.5,25.3,22.9,28.6,11.3
200407,139,123,92,34,19,1,157,147,106,157,142,102,,,,,,,,,,4.7,2.8,0.7,169,158,134,108,92,63,62.2,59,36.5,52.4,46.3,26.8,27.3,26.2,11
200408,152,124,98,47,19,2,155,136,114,169,140,105,,,,,,,,,,5,3.2,0.5,168,159,139,114,85,61,67.9,58.7,38.7,55,44,25.2,21.5,25.2,6.5
200409,141,119,91,34,24,-8,134,140,110,151,135,101,,,,,,,,,,4.8,2.7,0.6,169,155,135,99,87,66,64.5,56.7,38.6,52.7,44,27.9,25.5,23.4,8.5
200410,132,119,91,36,20,-2,139,128,117,146,128,101,,,,,,,,,,4.2,2.9,0.3,169,157,124,96,80,68,66.5,56.7,34.8,49,40.6,29.6,31.1,27.4,13
200411,134,114,100,38,13,0,150,132,100,149,131,96,,,,,,,,,,4.6,3.2,0.4,169,165,131,116,82,63,66.3,64.5,36.5,58.3,46.2,25.6,26.7,23.6,9.5
200412,113,122,100,7,23,-1,144,140,108,133,141,102,,,,,,,,,,5.1,3.5,0.3,178,171,126,116,96,64,68,63,36.2,55.4,45.3,26.9,20.7,24,7.6
200501,146,122,109,45,14,11,156,142,109,166,140,112,,,,,,,,,,4.8,3.3,0.5,183,168,137,110,91,59,66,58.9,39,53.4,44.5,27.5,24.7,23.5,8.4
200502,152,129,95,41,23,-3,147,125,117,167,137,105,,,,,,,,,,4.7,3.2,0.3,168,160,125,110,86,69,62.7,58.5,34.7,54.5,44.7,25,26.4,24.8,6.3
200503,147,119,98,36,13,-1,162,135,106,171,133,103,,,,,,,,,,4.9,2.6,0.4,185,154,126,107,87,62,69.1,57.3,32,51.6,44.9,26.1,19.8,28.3,8.5
200504,137,119,91,21,19,4,136,126,106,154,129,94,,,,,,,,,,3.8,2.9,0.3,162,153,126,86,83,59,60.5,55.2,33.8,46.2,40.3,26.8,26.7,29.6,10.6
200505,127,111,96,33,16,-9,143,131,96,142,126,96,,,,,,,,,,4.8,2.7,0.3,171,158,126,105,82,56,69.1,57,35.1,58.5,39.8,21.9,25.3,23.9,10.9
200506,151,125,97,36,23,3,157,138,97,166,144,96,,,,,,,,,,3.4,2.9,0.1,162,166,114,105,90,50,69.6,65.1,30.2,47.7,43.8,24.9,27.7,22,9.8
200507,149,128,100,44,25,9,151,139,115,166,141,110,,,,,,,,,,4.4,3.4,0.4,159,162,134,102,90,63,64,60.2,35,55.1,45.8,27.1,24.4,23.3,8.8
200508,137,124,98,24,16,4,146,126,102,155,133,99,,,,,,,,,,3.4,2.9,0.2,172,156,118,107,84,53,64.9,57.4,33,54.2,40.8,20.9,23.9,25.5,8.2
200509,119,116,83,16,22,4,152,124,90,144,124,84,,,,,,,,,,5.7,3.3,0.3,169,160,119,99,89,53,57.6,58.9,35.1,46.7,45.3,25.1,24,24.2,10.8
200510,119,104,76,26,7,-2,123,117,100,127,118,82,,,,,,,,,,3.4,3,0.4,157,153,139,82,72,66,55.2,59.5,35.4,44.3,39,23.8,24.6,24.1,6.5
200511,139,112,70,44,23,-11,140,121,94,151,119,75,,,,,,,,,,3,2.9,0.4,171,156,126,99,79,56,68.3,57.5,35.3,51.3,43.1,23.8,20.7,23.8,10.4
200512,157,118,97,48,17,3,146,143,104,170,139,102,,,,,,,,,,5,3.3,0.5,178,173,131,110,94,59,68.4,65.3,37.8,50.9,43.4,24.6,21,20.5,10.7
200601,139,120,105,34,17,3,146,127,100,161,128,101,,,,,,,,,,4.3,2.7,0.5,177,158,128,98,82,59,62.4,53,38.3,46.7,42.9,25.1,25.3,24.2,8.8
200602,147,120,87,41,22,-7,144,131,101,157,131,90,,,,,,,,,,4.7,2.7,0.3,170,153,125,111,79,56,64.4,55.4,35.4,47.2,38.7,23.7,27.8,24.7,12.5
200603,153,128,93,53,33,3,151,132,102,165,140,97,,,,,,,,,,3.3,3.1,0.4,157,156,130,96,91,55,61.7,60.3,32.9,53.8,45.2,22.8,19.1,22,7.5
200604,143,129,94,38,20,5,151,135,100,165,139,96,,,,,,,,,,3.9,3.3,0.3,169,169,127,93,90,70,57.3,56.9,32.1,44,42,24.1,29.8,23.9,8.3
200605,121,112,79,16,16,0,142,113,93,143,116,81,,,,,,,,,,2.6,2.5,-0.5,159,149,132,82,78,63,51.2,55.4,35,40.8,39.3,26,28,25,10.1
200606,131,120,97,29,25,2,140,131,101,146,133,99,,,,,,,,,,4.9,3.1,0.3,175,159,124,95,80,56,68.9,58.2,36.7,45.5,41,25.6,18.3,25.3,6.5
200607,149,107,93,38,4,7,155,126,103,163,121,94,,,,,,,,,,5.4,2.7,0.2,174,152,119,115,85,61,62.7,56.2,35,50.3,42.4,23.6,19.1,23.3,8.6
200608,146,113,89,49,12,-6,132,123,91,153,126,87,,,,,,,,,,4.2,3.1,0.3,160,167,128,102,90,61,63.7,60,34.2,49,42.1,23.9,17.1,19.7,9.3
200609,128,102,86,34,13,-7,156,128,102,150,115,94,,,,,,,,,,3.3,2.8,0.5,156,154,135,96,90,66,58.9,57.9,40.9,49.2,42.8,26.3,27.9,24.4,9.5
200610,132,128,103,33,27,9,155,141,107,146,141,106,,,,,,,,,,4.5,3.4,0.5,175,169,132,104,102,72,68.1,61,40.6,52.8,47.2,29.3,27.2,22.1,7.2
200611,143,116,112,47,17,11,145,135,106,150,131,111,,,,,,,,,,5.2,3.1,0.7,176,160,128,105,91,62,62.9,59.5,37.5,55.5,43.5,26.1,30.1,23.2,7.9
200612,130,124,110,29,20,11,142,133,108,147,137,113,,,,,,,,,,4.7,3.1,1.5,163,157,135,111,88,72,67.8,60,37.8,52.7,46.2,31.5,28.8,22.1,7
200701,139,130,107,25,16,5,149,131,112,158,144,112,,,,,,,,,,4.6,3,0.5,170,163,140,111,89,66,62.2,58.5,42.3,48.3,45.8,25.6,21.6,21.9,8.7
200702,141,130,98,28,20,-1,135,135,105,156,146,99,,,,,,,,,,3.5,3.8,0.3,164,167,128,106,97,59,67.8,62.1,31,49.2,45.9,24.4,21.6,19.4,8.3
200703,147,105,102,48,2,0,151,133,110,157,125,109,,,,,,,,,,4.8,3.1,0.7,184,158,134,99,91,61,65.7,59.2,40.2,48.7,44.2,27.6,23.2,24.6,10.2
200704,150,125,98,48,22,4,155,140,101,162,141,101,,,,,,,,,,3.9,3,0.4,172,167,127,105,80,66,71.1,60.2,36.8,52.2,42.1,27.5,24.4,17.4,7.2
200705,134,114,100,34,15,9,147,134,103,160,127,104,,,,,,,,,,3.8,3.2,0.3,161,159,126,103,83,56,67.6,59.7,37.1,47.9,43.9,25.2,24.3,17.5,9.5
200706,145,112,94,42,9,-2,139,129,95,147,124,93,,,,,,,,,,3.8,2.9,0.4,174,152,125,90,79,59,63.8,59.1,34.2,48.6,41.6,24.9,24,25.9,8.9
200707,134,116,104,31,22,2,151,127,112,154,127,112,,,,,,,,,,4.9,3.2,0.5,156,162,136,88,87,61,67.3,59.7,40.6,53.9,42.3,27.4,23.9,23.7,7.4
200708,138,106,85,45,14,-1,140,134,99,147,126,91,,,,,,,,,,4.6,3.2,0.7,162,157,132,91,84,55,60.4,55.7,37.5,50.9,44.4,26.2,28,24.6,10.1
200709,145,112,95,32,10,-2,141,127,104,149,125,100,,,,,,,,,,3.9,2.8,0.4,171,158,132,87,81,57,60.9,57.5,44.3,47,40,26,17.8,24.4,8.2
200710,149,114,94,35,17,-5,147,125,101,161,122,98,,,,,,,,,,4.8,2.8,0.4,183,155,130,94,84,59,73.9,58.1,39.2,51.6,40.2,25.8,23.8,23.3,8
200711,125,105,84,30,15,-3,137,125,95,147,116,87,,,,,,,,,,3,3,1.5,161,154,136,94,92,66,64.3,59.7,40,48.5,41.9,26.5,18.7,21.3,8.5
200712,123,104,82,21,8,-2,135,127,89,140,120,77,,,,,,,,,,4.1,3.1,0.5,175,156,133,98,79,57,68.5,58.1,37,47.4,42.1,21.6,22.3,25.9,10.2
200801,116,103,86,21,13,-7,142,121,101,136,115,92,,,,,,,,,,3.5,2.9,0.9,160,157,132,108,80,66,65.6,58.3,37.1,48.9,43.1,23.3,21.5,23.9,9.1
200802,125,97,78,29,6,-3,135,120,95,136,108,83,,,,,,,,,,3.9,2.9,0.3,173,146,118,89,80,50,62.6,53.4,30.9,48.8,39.5,23.7,20.6,25,12.3
200803,135,97,74,41,8,-1,133,120,95,151,110,80,,,,,,,,,,3.9,2.9,0.9,178,150,139,94,83,51,68.7,53.1,34.9,51.5,41.6,20.1,16.8,25.3,9.7
200804,117,89,72,13,3,-7,123,107,85,123,96,71,,,,,,,,,,3.5,1.9,0.2,152,145,114,90,59,54,61.3,52.5,30.1,47.1,38.5,21.6,23.5,27.3,8.7
200805,108,83,67,11,-5,-6,128,98,85,129,85,70,,,,,,,,,,4.6,2.6,0.3,162,145,121,85,67,57,60.3,53.2,32.7,44.7,38.3,24.2,28.4,20.8,9.3
200806,91,75,53,7,-5,-3,115,107,78,100,86,56,,,,,,,,,,3.1,3.4,0.2,149,155,114,58,61,44,55.2,59,33.4,43.3,39.6,20.9,27.2,28.3,8.1
200807,124,75,52,43,2,-11,138,107,89,142,87,59,,,,,,,,,,4.9,2.9,0.2,169,149,109,105,74,47,65.4,51.4,29.1,51.2,37.7,20.8,19.4,22.4,9.4
200808,103,83,52,18,-1,-13,122,115,89,118,93,61,,,,,,,,,,2.9,3.3,0.2,161,161,116,70,70,53,64,60.1,33.3,37.7,39.6,25.2,26.2,24.7,8.9
200809,98,94,74,11,15,-6,137,128,104,116,109,88,,,,,,,,,,4.9,2.8,-0.6,180,159,127,101,70,61,65.8,60.5,41.9,49.3,39.7,24.4,23.8,21.2,11.5
200810,75,59,55,-4,-20,-12,129,114,90,100,82,63,,,,,,,,,,2.8,2.5,0.2,147,145,113,82,72,54,54.6,51.8,31.6,39.6,38,23.1,30.9,25.3,8.5
200811,77,54,58,-4,-23,-7,130,103,103,102,64,70,,,,,,,,,,2.7,2,0.3,160,133,119,85,73,60,54.1,47.9,36.1,43,39.6,25.2,28.2,28.6,10.8
200812,84,64,50,-7,-21,-15,120,110,102,105,78,64,,,,,,,,,,2.8,1.5,0.2,150,131,111,77,60,57,52.8,46.5,29.4,41.3,36.8,22.4,30.3,24.9,12
200901,96,77,54,4,-8,-11,128,115,108,118,95,66,,,,,,,,,,3.1,1.1,0.1,157,120,107,90,70,63,54.7,45.3,32.5,43,39,24.1,19.8,26,13.5
200902,105,62,57,16,-18,-18,124,105,95,111,78,67,,,,,,,,,,3.8,1.4,0.1,142,129,107,97,69,63,58.9,44.8,31.8,47.5,36.5,26.8,24.5,29.6,12.2
200903,86,64,55,-17,-26,-11,126,104,95,101,77,66,,,,,,,,,,0.4,0.1,0.1,128,108,103,104,64,52,46.6,39.2,29.2,42.6,33.9,27.7,36.2,32.3,11.5
200904,96,79,53,-13,-12,-19,140,122,102,117,104,65,,,,,,,,,,1.8,0.4,0.1,134,121,105,98,74,51,54.7,44.3,26.6,51.7,38.3,21.3,28.2,27,11.2
200905,70,58,62,-37,-31,-13,139,117,106,100,81,77,,,,,,,,,,-0.1,0.4,0.1,97,118,105,91,63,59,45.3,39.4,30.8,45.1,36.5,24.6,32.4,29,11.6
200906,85,69,60,-8,-29,-16,138,126,112,118,93,82,,,,,,,,,,3.5,1.6,0,143,131,103,84,71,54,56.8,45.8,30.1,49.9,38.1,23.8,35.4,27.5,12
200907,76,72,66,-16,-34,-12,130,121,94,99,94,72,,,,,,,,,,0.4,0.9,0.1,117,124,102,83,70,57,47.8,41.4,28.9,49.4,35.6,22.4,27.1,28.8,11.8
200908,76,56,54,-10,-33,-13,132,116,99,108,78,68,,,,,,,,,,3,1.4,0.1,141,133,103,98,76,49,52.2,49,26.2,47,38.4,21.7,35.2,25.5,12.1
200909,89,66,67,-13,-27,-18,132,126,101,111,90,79,,,,,,,,,,2.5,0.7,-0.1,132,131,90,108,77,55,48.5,46.2,28.7,48.5,38.2,25,28.3,30.5,11.8
200910,69,77,63,-28,-23,-16,146,127,101,101,98,70,,,,,,,,,,2.7,0.5,0,156,127,100,70,73,53,57.9,46.5,25.6,43.1,37.9,23.3,28.1,26.1,9.8
200911,62,69,58,-32,-36,-20,142,119,98,97,91,69,,,,,,,,,,2.6,0.8,0,144,133,97,101,72,52,52.5,44.3,25.7,48.9,36.9,22.1,30.7,27.2,10.8
200912,99,70,65,-9,-23,-18,149,121,100,125,92,75,,,,,,,,,,3.3,2,0.1,151,137,103,76,80,60,54.3,49.7,29.8,41.6,41.9,24.5,30,28.1,10.5
201001,80,77,76,-19,-27,-11,143,117,94,109,93,76,,,,,,,,,,2.6,1.8,0,167,127,96,83,76,55,58.3,46.7,24.6,44,41.6,23.1,23.4,29.9,11.4
201002,110,64,72,9,-31,-13,142,109,97,134,79,81,,,,,,,,,,3,0.4,0,145,125,97,100,66,49,59.4,43,26.9,52.2,34,22.6,27.7,27.6,13.6
201003,131,69,75,4,-33,-15,127,123,100,138,94,82,,,,,,,,,,2,1.7,0,142,138,97,104,78,52,62.5,49.3,26.7,49,39.4,21.6,20.5,29.2,10.4
201004,87,76,74,-16,-22,-17,128,120,93,111,96,79,,,,,,,,,,1.4,1.6,0.1,143,128,105,72,79,53,53.4,45.6,25.8,38.6,39.2,24,36.4,29.3,11
201005,98,78,68,-8,-18,-19,147,115,91,129,96,71,,,,,,,,,,3.3,0.3,0.1,150,119,108,109,62,51,53,41.3,25.1,50.6,35.1,21.3,26.7,28.2,11.9
201006,98,88,72,-7,-17,-18,143,128,99,122,109,79,,,,,,,,,,3.5,1.7,0,153,141,101,88,82,50,47.8,48.7,24.1,41.5,38.6,21.6,24.2,28.2,9.5
201007,113,75,66,16,-21,-20,141,122,91,138,99,71,,,,,,,,,,1.5,1.4,0,156,134,97,84,72,47,50.8,47.2,22.7,41.7,39.3,20.5,22.5,24.6,13.3
201008,116,86,67,13,-20,-21,143,110,92,137,95,72,,,,,,,,,,2.2,0.8,0.1,143,134,105,96,66,53,53.1,42,27.2,48.3,36.7,24.6,25.5,24.8,12.5
201009,136,88,64,19,-13,-17,122,123,92,136,105,71,,,,,,,,,,2.2,1.8,0,150,144,103,83,77,56,51.1,53.6,28.4,39.6,41.1,21.2,23.5,26,12.3
201010,111,83,67,8,-5,-19,127,116,100,122,101,75,,,,,,,,,,4.9,1.7,0,168,137,96,89,72,56,51.9,47.9,24,45.4,38.4,21.2,23.2,25.9,11.4
201011,100,91,68,5,-10,-19,128,122,93,113,106,73,,,,,,,,,,3.1,1.5,0,154,137,101,108,72,56,65,48.2,25.7,49.1,37.4,23.7,31.5,27.5,12
201012,103,84,72,3,-22,-14,143,119,98,135,102,80,,,,,,,,,,3.8,2.5,0,163,149,99,93,71,51,52.8,53.5,26.5,47,37.7,22.8,27.9,25.4,12.3
201101,111,83,79,11,-15,-9,137,120,97,129,102,86,,,,,,,,,,3.6,0.4,0,166,124,101,91,65,48,58.9,44.4,25.3,44.1,36.5,22.5,34.2,27.6,10.7
201102,116,103,76,5,-1,-18,134,117,106,137,114,86,,,,,,,,,,1.7,1.2,0,142,133,96,79,65,50,48.6,45,25.1,45,34.7,21.2,25.7,26.3,12.9
201103,118,91,63,11,-8,-14,129,117,87,129,104,66,,,,,,,,,,1,1,0,137,134,92,92,63,46,54.2,46,26,41.6,33.8,20.4,26.7,29.7,9.9
201104,106,88,67,9,-13,-18,135,115,85,129,106,67,,,,,,,,,,4.6,1.6,-0.1,162,140,92,88,65,45,56.2,48.9,23.6,50.3,37.7,18.3,28.8,26.4,11.8
201105,97,97,69,15,1,-9,141,122,85,129,111,71,,,,,,,,,,2.4,2.2,-0.1,150,143,95,94,58,44,58.7,47.8,27.3,46.1,32,23.7,22.4,27.5,11.1
201106,114,87,74,3,-9,-11,131,119,94,128,105,82,,,,,,,,,,2.8,0.5,0,144,126,103,75,58,49,47.5,45.8,26.7,44.2,33.5,22.8,25.7,28.8,14
201107,90,87,68,6,-17,-13,107,113,94,93,99,75,103,119,65,150,139,106,127,133,77,1.5,0.9,0,127,135,101,83,76,53,49.5,45.5,28.3,41,37.1,21.5,30.5,26,12.7
201108,103,71,58,0,-19,-23,145,111,80,127,84,61,109,101,82,170,132,92,139,117,86,4.7,0.5,-0.1,155,128,90,100,66,46,60.5,43.6,23.2,50.2,36.9,24.5,21.7,23.4,13
201109,118,91,57,21,-8,-17,129,112,92,118,102,64,123,97,65,164,137,102,145,114,81,1.9,0.8,0,133,128,98,69,63,43,45.6,45.3,24.4,36.6,33.8,20.4,22.4,25.5,10.6
201110,126,87,57,13,-7,-24,137,109,88,145,95,61,134,107,60,166,139,102,158,124,74,2.7,0.4,0,153,126,96,76,73,45,59.2,46.1,26.8,46.6,37.7,21.3,33.8,28.8,12.1
201111,129,89,64,32,-6,-14,119,114,98,139,99,72,139,90,74,145,147,106,155,120,88,1.5,0.5,0.2,152,130,113,71,71,48,51.1,42.9,31,38.3,35.7,24,26.8,25.8,10.6
201112,105,82,68,7,-22,-17,123,117,99,121,97,77,97,93,72,164,143,101,131,117,83,1.1,0.7,0.2,138,135,114,67,69,49,43.1,40.9,32.2,41.7,36.3,23.1,31.8,24.1,12.5
201201,112,98,76,0,-2,-10,119,120,105,119,113,84,115,99,69,165,149,108,146,130,85,0.8,0.8,0.3,131,134,122,73,65,54,42.3,45.2,34.2,39.4,37.1,26.4,36.8,25.3,10.6
201202,124,97,71,23,-10,-16,124,123,95,135,115,75,126,102,69,171,140,98,150,120,78,2.9,0.8,0.1,165,129,109,88,66,53,61.5,44.3,28.9,44.6,31.7,20.4,32.8,25.7,10.5
201203,135,111,78,32,9,-7,126,124,99,142,124,87,123,95,81,177,151,104,155,126,91,3.9,2.2,0.2,158,143,110,90,74,48,50.7,52,29.9,46.3,41.3,23.9,24.8,22.6,11.4
201204,109,88,84,3,-9,-3,126,127,92,126,103,86,126,103,69,163,151,90,146,129,74,1,1.3,0.1,143,141,112,86,68,46,50.5,45.1,27.4,45.2,36.6,20.3,31.2,24.3,10
201205,116,110,77,0,9,-9,152,123,98,142,122,86,148,104,78,171,147,103,168,128,91,2.6,2.2,0.1,174,138,105,110,76,50,57.3,50.3,25.1,44,40.4,23.4,23.8,23.2,12.9
201206,109,96,74,5,-16,-17,143,124,95,139,114,78,113,108,84,178,139,96,152,129,87,1.5,1.5,0.1,148,139,105,83,61,45,60,45.6,27.5,38.7,39.3,21.2,28,25.4,13.3
201207,112,101,69,0,8,-17,132,121,97,132,114,76,116,101,79,160,152,102,136,126,91,2,1.7,0.1,124,145,109,76,75,53,49.2,49.5,27,40,39.6,23,30.6,27.3,11
201208,127,98,77,16,-7,-9,144,120,93,140,113,79,113,96,75,158,146,95,141,122,84,3.4,1.9,0.1,169,139,110,103,64,46,55.8,45.9,30.5,48.8,33.9,21.7,24.1,25,9.8
201209,84,107,79,-15,1,-12,143,115,105,108,118,89,96,109,88,171,142,111,135,129,98,3.1,0.5,0.2,164,133,114,95,59,52,58.7,48.6,29.3,42.7,34.9,25.5,26.3,24,10.6
201210,137,108,85,44,14,-8,142,129,104,154,121,92,141,101,77,166,148,107,162,127,90,3.5,2.3,0.2,159,151,118,101,73,44,63.4,55.6,31.1,47.6,40.7,24.7,28.4,26.3,11.6
201211,121,106,87,33,6,-11,152,114,110,144,114,100,118,109,87,176,146,105,146,128,97,3.5,1.9,0.2,157,144,116,112,73,54,63.9,46.8,32.9,52.3,36.6,23.5,33.1,25.4,10.4
201212,120,99,80,19,-1,-7,149,110,88,139,105,81,163,104,73,177,132,88,173,117,78,2.2,2.1,0.2,153,140,114,97,69,44,59.3,47.8,30.3,51.1,36.5,19.9,24.2,24.1,12.3
201301,97,95,76,17,-6,-14,149,117,92,129,108,79,123,113,78,173,140,96,152,135,84,4.5,0.9,0.1,168,133,111,100,73,50,56,48.5,30,46.3,42.8,23.3,32.1,26.1,12
201302,114,86,84,24,-11,-7,133,123,92,137,109,88,135,85,78,166,144,95,151,114,84,2.9,2.7,0.1,148,144,106,96,63,43,59,48,30.7,45.7,37.4,24.6,25.8,23.5,10.9
201303,132,95,83,20,1,-10,131,118,97,143,104,86,138,113,86,173,137,96,153,128,88,4.9,0.5,0.1,168,128,112,102,73,52,68.8,44.2,28.2,52.2,36.7,22.5,26.2,26,10.4
201304,131,94,87,22,1,-7,131,118,90,142,107,87,134,97,78,170,136,101,154,120,87,3.7,1.5,0.1,161,142,109,102,85,46,65.7,53.4,26.6,52,39.8,21.6,24.5,31.6,11.5
201305,127,109,97,22,3,1,147,116,103,140,119,100,131,112,97,171,143,103,156,134,104,4.6,1.8,0.1,162,142,106,96,76,50,61.3,47.9,28.7,54.9,36.4,24.8,28.3,27.2,12.4
201306,132,112,82,37,11,-9,142,125,102,145,122,90,145,112,81,169,145,99,161,130,86,3.6,2.1,0.1,150,151,113,110,77,49,60.5,50.4,27.3,51.3,40.2,23.3,22.1,27,11.1
201307,131,114,92,37,8,-4,146,115,101,151,117,98,142,126,86,180,139,101,168,133,93,4.8,2.6,0.2,174,142,115,102,80,51,68.6,48.8,33,58.9,41.9,24.8,20.2,24.3,14.1
201308,133,107,86,27,2,-15,143,130,100,149,121,91,138,102,90,162,144,104,155,125,95,4.6,1.8,0.2,155,140,116,110,70,51,56.2,45.7,32.3,50.1,37.1,24.7,26.1,25.7,12.4
201309,132,96,83,24,-6,-11,145,117,90,149,113,83,145,102,75,179,136,94,168,123,82,3.5,1,0.1,161,135,110,100,61,46,67.8,44.1,24.6,56.8,35.7,20.7,24.8,27.8,13
201310,120,106,84,26,3,-4,136,121,91,140,116,84,117,116,90,178,145,97,147,132,93,4.7,2.2,0.2,161,143,113,104,79,54,66.1,51.1,31.1,53.9,40.2,22.2,22.9,27,11.7
201311,114,89,84,5,-3,-8,133,114,90,126,106,83,133,112,87,164,138,93,154,126,92,2.6,0.8,0.2,158,137,114,84,74,50,62.3,46.8,32.3,47,36.4,23.3,25.6,26.2,11.1
201312,141,108,82,36,-1,-9,138,121,92,153,117,82,151,125,82,158,137,95,158,133,86,3.4,2,0.2,155,151,115,109,78,45,63.8,53,33,55.7,39.1,24.5,21.9,25.4,10.8
201401,138,99,95,44,-1,2,142,125,99,157,121,97,163,115,97,166,141,103,172,133,100,4.7,1.6,0.2,161,137,114,112,82,55,67.1,52.9,34,51.1,40.6,25.9,22.6,22.3,9.9
201402,126,105,87,18,4,-7,160,126,96,156,121,89,136,115,98,179,143,99,160,134,102,5,2,0.3,169,149,118,109,78,50,67.7,52,32.9,55.1,37.6,23.5,22.6,26.2,11.2
201403,131,110,81,31,1,-14,150,132,93,152,123,85,140,112,82,170,153,95,155,131,89,3.2,2.1,0.2,161,150,114,101,73,47,62.6,53.7,32.5,44.2,37.2,24.9,24.2,24.5,14.5
201404,144,102,100,34,0,-1,155,119,99,159,112,104,143,115,99,164,143,93,160,131,98,4.8,1.3,0.2,169,138,114,93,68,52,68.6,53.2,32.2,52.5,41.8,22.9,25.8,28.8,11.2
201405,121,113,89,18,10,-4,132,120,92,133,120,88,158,127,96,170,152,90,168,145,96,3.4,1.3,0.2,156,144,115,103,68,48,60.6,49,31.5,53.1,35.2,21.3,24.2,24.1,10.4
201406,145,123,89,39,15,-10,142,125,92,157,135,89,132,113,84,169,146,98,157,136,89,4.7,2.2,0.2,163,149,119,109,77,54,64.7,47.7,36.1,60.9,38.3,25.4,30.1,28.7,13.2
201407,128,117,92,30,12,-3,141,125,95,144,127,91,146,106,93,168,142,95,163,128,94,5,1.2,0.2,163,136,112,108,73,52,66.7,54.6,32.9,54,37.7,25,24.4,24.3,14.4
201408,135,118,101,24,13,2,135,131,100,146,132,100,142,115,104,164,145,106,161,131,109,3,1.6,0.2,163,139,112,93,78,49,64.7,53.4,32,48.7,37.8,25.3,21.7,23.9,11.5
201409,147,117,83,36,7,-9,136,129,98,154,126,90,143,114,78,180,149,101,163,137,90,4.6,2,0.2,163,154,117,115,77,49,60.5,56.7,35.8,54.8,39,23.2,23.2,24.4,12.3
201410,146,103,91,48,6,-4,152,131,104,160,125,99,152,122,95,177,143,108,167,138,100,4.9,1.6,0.3,164,137,123,107,70,50,67.6,50,34,54.4,35.8,23.4,24,26.2,11.1
201411,141,112,90,33,13,-10,138,122,101,148,121,95,144,117,98,166,151,105,156,136,105,4.7,2.1,0.3,163,146,121,114,67,49,59.8,54.9,37.7,53.9,40.7,25,24.1,26.2,10
201412,151,117,94,40,14,-7,145,136,104,159,135,99,159,134,107,176,160,104,174,155,108,4.9,2,0.4,175,160,132,98,93,60,64.7,55.3,38.8,54.3,43.4,26.2,25.7,22.8,16.3
201501,154,125,100,51,12,-2,144,130,102,167,137,107,158,129,107,172,161,104,170,148,108,5.2,2.3,0.3,178,148,125,113,92,55,74.9,53.8,42.3,56.8,44.6,25.6,26,24.4,12.2
201502,153,131,98,46,21,-2,152,137,104,166,142,103,152,131,109,179,158,106,169,148,112,4.7,1.6,0.2,167,150,119,102,84,53,60.7,56,36.6,53.8,41.7,27.4,26.2,25.5,9.6
201503,140,117,103,39,10,-5,152,127,100,161,130,103,145,116,92,176,153,106,168,132,99,3.5,2.3,0.2,161,151,117,105,82,48,62.9,59.3,37.4,55.8,41.3,27.1,23.9,26.6,10.9
201504,146,125,101,41,10,1,142,133,105,159,138,107,150,138,98,161,158,106,161,157,102,4.5,2.8,0.1,166,151,109,112,92,53,68.9,55.7,34.9,55,47.6,25.1,27.6,24.7,11.9
201505,140,119,87,47,7,-14,141,134,104,156,129,95,156,140,96,174,156,104,176,152,105,4.9,2.6,0.2,170,151,114,103,85,55,62.7,53.5,34.1,56.7,42.5,24,25.5,29.6,13.3
201506,152,119,102,36,9,-3,148,129,109,168,132,108,170,126,109,173,155,107,178,143,110,4.8,2.2,0.4,166,146,126,104,76,59,63.3,54,39.4,53.7,44.2,29.2,23.7,28.9,14.3
201507,150,121,93,39,15,-2,140,133,103,160,131,96,150,128,99,170,151,102,163,141,103,3.3,2.8,0.3,160,151,126,101,90,56,63.6,55.6,39.4,55.9,45.1,27.3,25.3,24.2,11.5
201508,159,123,96,56,7,-2,148,134,103,168,139,104,160,136,104,178,154,106,178,150,109,5.1,2,0.3,175,148,121,110,90,54,71.5,56,37,58.4,43.9,26,22.6,23.9,11.6
201509,144,115,87,39,14,-3,138,135,99,154,130,90,149,133,89,165,151,105,162,149,98,3.2,2.8,0.1,152,164,110,102,85,45,61.2,57.1,34.4,52.8,44.2,26.8,25.2,29.2,15.1
201510,138,124,84,33,16,-7,150,133,108,157,136,95,156,141,105,174,153,104,172,153,109,5.3,2.1,0.1,170,153,107,98,87,57,72.3,52.4,35.9,56.2,43.4,28.4,22.1,26.1,13.3
201511,141,115,88,28,9,-12,145,133,99,158,129,92,154,131,98,175,146,97,170,141,100,3.8,2.2,0.3,177,147,121,109,87,54,64.9,55.7,32.8,53.8,41.9,30.4,21.3,21.8,14.6
201512,140,119,94,36,10,-2,151,126,109,151,129,99,148,134,98,171,153,107,166,146,102,4.9,2.2,0.3,165,161,121,108,87,64,67.4,61.9,35.9,52.9,43,30.6,25.4,26.6,15.1
201601,148,116,84,49,15,-5,153,129,104,163,126,94,153,124,103,176,151,105,170,141,109,5.5,2.5,0.1,163,149,104,119,95,52,64.9,52.8,34.1,58.9,44.4,27.9,27.6,24.8,12.4
201602,138,133,92,40,20,-6,146,141,106,151,145,98,157,136,108,174,161,112,173,150,112,4.7,3.1,0.2,168,163,114,99,99,56,63.9,58.6,31.7,52.5,44.7,24.8,25.7,20.7,11.5
201603,156,133,87,57,18,-6,143,144,106,164,149,95,157,141,101,173,152,112,170,149,108,4.8,2.7,0.1,170,160,115,110,91,60,67.5,57.7,30.7,53.8,45.1,23.7,25,22.4,11.8
201604,143,126,99,34,24,0,139,134,103,150,138,105,157,143,102,168,158,106,168,158,105,4.1,2.7,0.2,162,155,116,101,82,57,63.2,57,31.6,51.5,41,27.2,24.5,22.9,13.5
201605,149,137,99,41,32,0,152,137,108,164,146,105,154,158,102,177,155,106,169,160,107,4.8,2.7,0.1,175,162,109,119,93,55,68.2,56.7,34.9,56,42.8,26.2,20.3,22.6,13
201606,148,132,103,43,26,-1,142,135,107,161,142,109,148,151,104,179,154,101,166,154,107,4.7,3,0.1,171,157,108,106,93,65,67.1,59.2,34.4,57.9,46.3,28,24.1,24.2,12.1
201607,160,127,93,47,20,-6,149,137,105,171,144,96,154,127,92,175,149,102,169,141,100,3.9,2.7,0.3,168,151,120,99,90,54,63.9,59.3,34.1,50.1,42.6,26.7,24.1,20.9,13.5
201608,138,131,96,38,19,-2,131,124,109,145,137,107,159,137,94,159,151,114,165,148,105,3,2.9,0.1,161,161,112,113,92,54,62.4,55,29.6,48.3,42,24.8,23.4,23.8,14.3
201609,135,116,98,20,7,-4,156,133,106,161,131,106,156,127,101,175,154,109,172,147,107,4.8,3,0.3,171,157,119,116,98,62,66.6,55.5,31.4,58,44.9,26.3,28.4,25.6,14.7
201610,128,120,94,26,14,-3,146,136,111,147,136,107,160,140,104,180,162,110,172,153,110,4.7,2.6,0.2,158,153,109,106,89,57,63.4,57,32.1,50.4,46.3,25.2,25.6,23.8,14.9
201611,144,124,94,40,14,-2,143,133,110,152,135,103,156,142,95,175,145,118,168,153,107,4.8,2.9,0.3,165,153,123,115,102,63,66.4,53.4,34.3,55.2,44.6,27.2,22.5,24.7,13.5
201612,154,126,109,44,22,8,156,130,116,172,136,114,171,134,114,179,152,110,181,151,117,5,2.1,0.3,180,155,120,111,95,64,68,57.9,33.6,53.3,47.4,25.6,24,22.6,9
201701,151,125,109,44,16,8,158,129,116,171,128,119,158,142,109,183,144,115,175,145,114,3.9,2.5,0.3,176,160,126,97,87,64,67.5,61.4,38,52.6,47.2,29.2,23.6,21.7,12
201702,152,135,110,39,20,0,134,125,116,155,139,118,168,150,112,168,146,121,173,154,119,3.9,2.1,0.2,176,156,119,113,91,66,65.9,59.5,35.8,54.7,46.7,25,24.5,22.8,12.3
201703,135,138,128,28,26,9,146,131,118,147,143,129,150,149,126,172,153,113,164,158,129,4.7,2.9,0.4,165,157,128,111,104,70,59,57.5,37.3,52,47.2,31.1,21.5,24.1,11.8
201704,157,131,106,41,27,-2,141,140,120,165,144,118,178,145,124,173,156,114,182,156,125,4.7,2.6,0.4,164,152,130,97,97,66,63.4,56.5,37.8,55.9,46,27.3,26.9,24.1,11.9
201705,147,131,111,41,23,4,144,139,112,157,147,116,168,148,115,173,157,106,177,160,115,5,2.8,0.3,170,159,125,109,113,70,67.3,60.1,32.5,57.8,51.6,25.3,25.8,22.4,10.8
201706,146,136,116,41,26,10,151,141,112,164,147,120,169,141,112,172,159,107,177,156,114,5,2.7,0.3,177,154,121,115,98,61,66.4,58.7,34.3,55.4,49.1,27.4,28.1,20,11.1
201707,154,145,110,49,36,15,134,133,108,162,150,114,156,149,116,167,159,103,167,160,112,4.7,2.8,0.3,167,161,125,103,106,58,68.8,62.8,36.3,50.6,50,27.6,24,22,10.9
201708,148,125,123,35,25,14,151,137,121,161,139,128,156,142,128,177,150,117,172,149,126,4.8,2.8,0.4,174,154,129,120,90,65,70.1,57.5,37.3,56.7,47.2,28.4,25.2,22.8,11.5
201709,152,129,116,56,20,9,146,139,121,164,140,120,170,150,122,175,153,118,181,161,124,4.6,2.8,0.3,169,156,119,104,93,71,65.3,57.5,38.5,51.6,47,27.9,22.5,22.8,11.1
201710,156,136,122,43,26,10,145,139,120,166,147,129,169,157,128,175,159,119,175,163,127,4.9,2.7,0.6,174,157,134,113,96,72,72.9,59.8,43.5,59.5,47.9,33.3,22.8,26.9,9.4
201711,146,135,110,41,22,3,150,142,113,158,150,116,153,154,126,179,156,111,172,163,126,5.2,2.8,0.3,180,162,125,113,115,64,69.1,63.7,40.1,54.7,51,30.8,22.8,22.7,11.8
201712,140,135,114,42,33,14,150,130,112,155,140,118,170,144,123,176,152,104,177,153,117,5,2.5,0.3,180,154,120,113,93,63,70.2,63.3,38.2,60.3,47.4,28.2,22.9,24.8,12.1
201801,146,127,115,36,14,9,141,142,118,154,142,121,163,146,112,176,162,113,177,158,117,3.7,2.7,0.4,166,152,123,104,96,66,66.6,57.4,38.6,54.4,50.3,32.2,22.5,23.8,11.1
201802,135,135,130,33,25,17,143,147,119,150,149,131,157,148,135,170,164,115,168,159,132,4.8,2.6,0.4,171,161,131,104,102,78,69.9,62.6,42.3,55.5,48.9,30.1,26,19,8.8
201803,154,147,132,43,45,20,152,137,118,168,154,135,166,156,139,172,153,116,176,161,136,3.5,2.6,0.4,165,157,126,113,99,61,63,60.3,40,54.2,49.8,28.4,23.7,20.9,8.9
201804,151,138,118,45,31,10,144,143,114,162,151,123,165,155,127,173,155,109,175,161,127,4.5,2.8,0.4,166,163,124,106,102,66,66.9,62.2,40.4,52.1,45.7,29.4,23.4,23.3,9.4
201805,149,140,114,55,30,10,156,136,110,162,149,115,169,148,123,170,156,114,179,157,121,4.6,2.9,0.4,163,157,132,107,98,68,65.5,62.8,35.7,60.7,48.8,27.5,24.6,22.7,12.3
201806,152,144,121,46,39,13,141,139,112,160,151,122,164,154,123,163,151,111,167,159,120,5,3.1,0.4,167,165,127,111,96,62,67.9,61.2,39.7,55.4,48.8,29.2,28.8,21.8,10.1
201807,144,134,127,39,27,19,154,146,113,160,146,128,172,155,132,173,159,112,176,165,133,5.4,3.2,0.3,172,162,125,119,92,71,71.5,62.3,38.3,59.5,49,30,24.5,23.8,10.6
201808,151,142,115,45,37,11,146,145,112,158,152,117,157,154,131,170,162,109,168,162,127,4.9,3.2,0.3,171,168,126,105,99,67,66.7,65.9,38.8,52.9,50.2,29.4,25.7,19.1,10.3
201809,154,130,129,56,25,20,148,144,123,166,146,131,175,152,140,181,156,116,183,159,134,3.9,2.4,0.5,174,149,131,110,100,75,70.3,59,39.9,55.6,45.2,30.2,21.6,22.3,8.5
201810,140,135,123,34,29,12,141,140,120,150,146,127,150,150,138,170,152,124,163,155,140,3.5,3.2,0.4,163,163,129,105,100,67,61.3,62.9,40.2,53.3,47.5,30.7,26.4,18.8,8.7
201811,150,133,120,42,31,9,141,136,117,162,142,124,152,140,132,170,156,110,166,153,126,4.6,3.3,0.5,164,167,137,103,105,70,65,62.5,44.5,49.8,48.8,32.1,27.1,22.1,8.4
201812,146,133,124,44,26,14,132,145,117,154,147,128,152,149,129,166,153,114,167,159,130,3.4,2.7,1.6,169,163,147,104,97,77,67.5,65,43.8,55.3,51.3,31.2,27.3,21,11.4
201901,153,127,113,52,26,6,161,137,113,166,138,117,165,151,127,173,155,114,174,161,130,5.4,2.3,0.7,178,151,134,123,98,75,71.8,56.5,40.3,56.8,46,33.9,21.6,23.3,9.2
201902,131,139,110,36,35,9,154,143,116,151,149,119,162,153,121,179,161,113,171,163,124,5.1,3,0.2,175,159,120,125,97,74,71.6,61.5,35.2,61.1,48.3,28.6,28.1,20.5,8.4
201903,157,143,127,55,37,20,162,134,115,171,150,128,156,159,135,181,159,115,172,166,133,6.7,3.2,0.4,179,168,130,122,112,74,72.8,64.8,37.7,60.7,51.1,30.9,20.4,23.8,8.3
201904,146,134,124,40,32,6,147,145,124,158,150,133,152,146,134,170,163,128,166,161,141,4.5,3.1,0.4,161,165,129,114,99,70,68,65.9,42.5,52.6,47.1,35.7,26.1,19.1,11.6
201905,149,126,132,51,25,17,153,144,118,159,138,134,170,135,132,170,157,119,177,149,133,4.3,2.7,0.5,159,161,132,109,100,69,67.9,58.5,44.8,55.9,44.4,31.9,22,20.6,9.5
201906,147,135,120,51,30,11,160,137,121,164,145,125,155,144,131,176,162,122,172,159,132,5.1,2.3,0.5,171,153,131,109,94,72,72.1,59.3,40.5,56.2,46.9,30.6,20.1,26.6,12.1
201907,142,139,121,32,31,13,152,144,124,160,152,126,153,157,132,167,159,112,165,165,126,5,3.2,0.6,173,165,136,123,100,72,71.8,67.6,43.8,58.8,51.8,33.3,20.9,22.1,11.8
201908,147,129,115,48,30,14,142,132,107,157,134,112,167,147,125,179,153,105,176,154,121,3.8,2.8,0.3,171,156,122,118,87,67,69.9,59,39.1,52.5,46.8,31,23.5,21.7,12.7
201909,152,138,116,44,26,8,143,143,111,162,149,116,162,149,120,172,157,112,175,157,121,4.6,3,0.4,167,159,127,109,104,71,67.8,63.9,38.8,54.1,50.3,28.8,23.8,19.2,10
201910,159,139,117,58,37,13,154,145,118,172,152,123,164,152,129,179,162,120,175,161,132,5,2.9,0.5,176,158,134,118,108,82,72.4,62.5,43.5,61,49,32.7,25.4,21.6,9.9
201911,159,142,118,53,38,16,153,133,120,172,146,125,158,146,126,177,151,121,172,151,132,5,3,0.8,175,158,139,116,107,74,72.3,59.6,45.4,60.7,47.8,31.7,27.1,20.9,10.2
201912,143,145,129,46,34,14,150,138,118,151,151,133,161,160,135,172,158,119,173,167,136,4.9,2.7,1.1,168,167,143,112,96,80,67,63.9,40.2,57.1,50.6,32.4,23.8,23.1,12.8
202001,160,126,128,60,19,5,152,143,118,171,146,131,163,152,142,180,162,115,179,162,140,5.1,2.6,0.9,175,157,138,120,92,72,71.1,58.8,45.2,58.3,47.3,31.9,24.8,20.4,10.5
202002,141,154,130,43,48,14,138,145,121,153,157,133,159,159,132,166,158,117,166,164,132,3.2,2.9,0.7,160,159,138,105,105,81,65.6,63.7,45.2,53.9,50.1,33.3,23.2,20.6,9.2
202003,146,135,115,38,37,14,145,131,111,156,140,115,167,157,130,178,155,117,176,163,131,4.6,2.9,0.4,172,157,127,105,113,73,71.2,59,39.8,54.9,50.7,33.8,24.3,23.1,10.4
202004,130,105,93,30,-1,-3,140,128,118,149,122,105,171,145,122,175,157,131,179,155,129,4.4,-0.6,0.2,153,120,113,118,98,73,56,48.2,34,58.9,48.2,33.3,22,26.2,11.9
202005,130,113,92,24,15,-1,137,116,107,145,120,100,164,153,129,181,152,122,177,159,131,2.8,0.6,0.2,140,121,116,101,93,71,57.6,47.6,38.3,52.4,46,29.3,29.8,26.4,10.3
202006,130,109,102,20,4,-5,143,140,119,146,128,116,166,145,129,183,164,127,180,156,131,3.2,1.5,0.3,145,134,122,106,96,70,61.9,51.4,36.4,54.8,48.2,28.9,28.2,26.1,13.1
202007,129,102,100,17,0,-2,143,124,112,142,118,105,162,147,116,174,153,120,174,154,122,4.8,0.8,0.3,154,133,122,114,94,71,62.6,49.2,39.5,57.4,47.5,30.6,29.6,29.9,16
202008,123,110,96,26,10,-2,138,132,117,140,127,107,162,143,121,180,164,117,176,155,122,4.6,2.7,0.2,162,146,117,109,102,65,58,61,36,57.4,50.1,31.9,26.4,25.6,15.3
202009,112,115,112,4,11,3,146,134,115,132,126,118,157,155,132,180,162,119,173,162,134,3.2,2.7,0.4,154,145,125,104,94,69,64,55.5,41.6,52.7,48.8,30.2,24.1,23,11.8
202010,129,115,105,25,15,-2,143,139,116,147,135,115,163,154,135,169,177,121,173,172,138,4.3,3.1,-0.6,167,150,129,110,102,71,65.6,59.2,43.1,56.3,57,34.9,24.9,22,10.4
202011,124,110,105,24,1,-4,139,138,101,142,127,100,166,146,131,172,158,112,172,157,128,3.9,2.4,0.3,164,150,124,109,105,66,63.9,57.4,39.2,54.6,49.2,31.7,26.8,23.1,15.2
202012,130,113,106,25,7,-9,153,123,106,156,128,110,172,147,130,184,155,114,184,156,129,5,2,0.4,172,146,125,104,93,63,65.6,57.3,39.9,54.8,49.9,30.8,26.2,24.7,14.5
202101,123,109,101,24,3,-5,149,122,105,148,119,105,159,152,111,175,150,107,171,159,112,4.6,2,0.4,168,142,130,111,94,63,67,55.9,41.8,55.7,46.2,31,25,22.6,14.6
202102,123,120,97,22,19,-11,149,128,95,145,129,92,168,148,123,170,158,96,174,155,114,4.7,3.1,0.2,169,153,117,113,98,57,65,61.7,34.5,57.7,50.8,26.4,26,21.1,9.6
202103,132,108,106,34,1,0,142,122,106,148,120,111,169,155,133,169,153,114,174,161,132,4.6,1.9,0.3,167,145,120,110,89,63,63.5,56.2,40.8,55.6,46,29.3,23.4,22.7,11.1
202104,136,125,120,34,20,8,150,127,107,152,137,120,164,158,137,180,150,100,177,162,124,5.3,2.6,0.2,170,154,116,123,87,63,70.7,60.1,41.5,61.5,47.7,28.5,21.2,22.5,9.8
202105,142,122,105,40,24,1,141,120,94,152,129,106,166,163,133,171,151,97,174,163,121,4.5,2.7,0.3,151,151,124,104,88,54,65.3,55.1,37.8,55.4,45.1,26.7,23,21,11.2
202106,139,120,105,30,23,3,141,131,100,155,136,109,179,148,123,170,158,106,180,157,120,4.8,2.9,0.3,159,151,124,105,97,66,61.9,61.7,42.2,52.6,48.5,30.6,26.1,21.5,14
202107,127,113,114,23,20,9,141,128,101,144,128,113,163,144,129,170,159,106,173,159,123,3.5,3.1,0.3,156,156,122,100,91,63,67.4,62,40.5,53,46.2,28.3,27.9,20.9,10.4
202108,132,117,91,39,13,-6,140,120,90,148,126,90,174,157,118,171,152,100,180,161,114,4.9,2.6,0.2,168,152,117,104,82,51,64.9,58.9,35.5,53,47.9,24.1,23.9,23.8,10.7
202109,147,116,104,37,22,1,137,124,93,156,125,102,159,151,129,174,139,101,167,151,125,4.7,2.4,0.3,162,150,119,114,77,57,62.1,54.1,42.2,53.8,41.1,27.1,26,23.4,9.7
202110,141,121,100,38,16,3,141,118,95,150,127,100,165,153,113,182,148,107,178,156,114,5.1,3,0.3,177,159,121,112,89,56,68.7,62.3,35.6,57.5,47.1,26.5,23.3,23.7,11.1
202111,142,119,88,45,24,5,126,116,89,149,129,89,166,142,115,172,146,101,170,150,115,4.7,2.7,0.4,163,152,124,91,73,52,62.9,58.3,40.6,54.3,38.7,25.7,25.9,20.3,9.2
202112,137,106,96,43,18,5,143,118,88,150,119,94,166,144,118,169,159,102,172,158,115,5.3,3.2,0.3,180,161,123,94,71,57,65.6,62.4,43.6,48.8,42.6,25.2,23.7,25.4,9.4
202201,128,108,94,36,22,8,144,124,92,147,124,96,170,136,114,182,154,106,179,148,117,3.7,3.3,0.5,172,154,131,93,82,52,62.3,59.1,40.7,49,41.7,27.7,27.5,21.6,9.2
202202,119,108,76,38,23,-1,131,114,79,130,118,78,159,143,96,171,142,102,169,151,103,4.9,2.4,0.3,165,149,115,91,81,47,68.5,59.4,34.7,51.8,43.4,24.1,23.3,19.4,10.3
202203,116,100,77,32,25,1,124,92,79,126,99,77,164,134,104,163,141,105,167,144,108,5.2,2.2,0.3,163,145,121,101,61,44,59.6,55.4,39.9,52.4,35.6,25.8,21.4,19,8
202204,129,96,85,24,6,3,135,121,92,145,116,84,173,149,108,175,151,106,180,156,111,5.6,3.2,0.4,172,160,125,100,83,50,75.9,64.7,38.2,56.8,43.6,24.3,23.5,18.5,11.3
202205,132,87,74,42,15,0,136,114,87,144,99,77,158,135,98,173,148,112,174,147,106,4.9,2.9,0.2,167,151,116,92,66,54,67.7,57.9,37.7,48.3,38.1,22.4,21.3,17.6,9.5
202206,122,73,48,30,3,-5,125,96,81,129,81,58,162,115,98,157,137,107,163,127,107,5.4,1.2,0.2,172,132,114,91,59,47,64.4,46.3,37.7,45.6,33.8,23.3,21.4,21.5,9.4
202207,103,80,58,25,5,-2,120,108,76,111,93,62,134,130,92,161,148,111,148,147,105,4.6,2.5,0.1,161,143,108,81,77,53,63.7,54.1,29.8,45.7,39.7,23,26.6,22,8.3
202208,117,85,61,39,8,2,135,118,86,135,106,69,153,127,100,159,153,107,161,145,106,4.7,2.8,0.4,166,156,124,102,76,50,66.4,56.3,42.4,48.9,42.1,23.3,24.2,20.9,11.6
202209,103,85,64,18,7,-1,128,114,87,117,101,75,141,129,87,167,142,102,160,141,100,3.6,2.8,0.3,162,150,118,95,72,53,64.2,55.9,34.9,47.6,40.1,23,26.7,22.4,10.1
202210,106,83,60,22,17,-3,136,113,84,127,92,69,150,120,90,168,149,110,161,137,100,5.2,2.2,0.4,160,146,123,87,76,51,69.2,52.4,36.3,47,40.7,22.3,29.2,22.4,10.3
202211,119,78,54,31,11,-8,127,111,91,132,94,66,146,131,85,162,158,116,157,152,105,5.1,2.5,1.1,169,146,132,86,67,47,72.2,56.7,42.3,47.7,38.1,24.2,26,21.2,10.6
202212,105,80,60,18,8,-4,122,118,92,119,96,70,146,114,98,165,147,109,160,135,107,3.6,3,0.5,161,149,128,87,69,58,61.5,60.4,50.4,47.6,38.9,27.2,26.2,26.5,10
202301,129,91,69,32,12,-3,140,122,92,143,109,76,151,135,94,176,157,105,168,153,102,4.7,3.5,0.4,167,165,126,90,86,57,69.7,58.1,39.3,49.7,45.1,25,27.5,22.3,8.7
202302,127,83,81,35,5,2,141,111,99,140,93,87,140,130,102,171,158,110,162,148,108,4.6,2.8,1.2,170,151,134,92,68,56,63.7,54.7,43.2,49.3,38.4,30.8,24.9,23.8,10.5
202303,118,86,73,31,7,-1,133,99,94,134,91,83,138,116,90,174,141,104,159,131,100,4,1.4,0.4,157,141,123,104,61,53,60.1,54.6,38.5,50.3,36.6,26.4,24,24.1,10.4
202304,121,86,67,33,10,-5,127,115,89,133,103,70,137,126,86,158,147,108,152,139,98,4.9,2.9,0.1,164,152,112,93,77,55,74.9,56.5,34.5,51.8,41.9,25.5,27.8,25.4,11.9
202305,109,90,69,29,11,-3,128,119,80,125,108,69,146,127,82,169,148,106,161,140,93,5,3.4,0.3,171,151,118,91,77,47,66.6,59.1,34,46.5,43.5,23.9,26.5,19.5,12.7
202306,112,87,70,26,10,-1,132,113,91,127,97,77,143,112,90,158,150,108,152,134,97,3.3,2.8,0.3,162,153,121,85,67,54,65.4,59.4,38.4,44.5,40.4,27.3,24.9,22.7,9.7
202307,125,97,82,27,6,0,134,119,99,137,113,90,162,126,102,168,144,112,173,136,113,3.6,3.1,0.3,166,152,120,96,88,60,67.9,56.9,41.3,48.4,43.3,27,20.4,25.1,7.5
202308,110,93,86,25,16,2,133,116,106,129,110,97,143,126,102,169,150,109,160,143,109,4.6,3.2,-0.6,167,158,124,91,82,61,62.2,59.7,42.9,48.5,45,26.8,27.7,23.1,10.1
202309,101,82,82,19,1,0,128,115,97,120,98,90,139,118,101,156,147,107,151,138,107,5,2.4,0.3,158,142,126,91,81,57,61.7,57.5,40.6,44.5,42.2,27.1,30,25.3,9
202310,103,86,63,25,10,-9,120,112,85,108,98,69,140,126,78,167,138,101,155,138,89,4.5,2.6,0.3,160,145,119,75,82,54,65.1,57.8,37.6,47.1,40.1,25.4,26.2,25.8,10.5
202311,107,75,78,29,-4,1,125,114,91,117,92,84,140,110,95,164,154,103,155,139,101,4.7,2.7,0.4,164,150,125,86,68,57,66.2,58.7,43.3,47.1,39.2,24.1,28.1,24.6,10.8
202312,109,86,80,22,8,-2,143,108,99,134,99,88,137,107,99,174,138,109,158,124,107,4.7,2.7,0.5,160,150,132,92,71,68,71,61.5,42.8,51.1,37.9,29.9,24.8,22.5,9.7
202401,117,94,97,26,6,6,137,131,110,134,112,108,135,123,99,165,160,114,157,145,111,4.1,3.2,1.1,178,163,134,94,95,67,73.4,64.6,45.7,49.7,46.9,30,26.8,20.7,10.3
202402,133,96,84,32,16,1,131,122,105,141,108,96,153,117,95,164,147,108,165,135,104,4.8,3,0.7,167,156,135,101,81,61,70.3,59.2,46.3,49.6,43.1,27.1,27.9,23.3,8.4
202403,119,107,96,24,20,1,134,127,113,132,122,109,133,117,105,160,155,119,150,137,119,4.9,3,1.2,173,155,138,87,82,71,70.2,58.8,45.1,44.4,39.3,29.8,29.6,23,10
202404,114,102,85,17,19,3,141,125,103,136,116,95,131,127,99,159,152,109,144,143,107,4.9,3.5,0.4,161,153,124,86,77,53,66.5,58.9,38.4,47.2,40,24.9,28.5,23.5,9.4
202405,116,94,80,28,12,4,133,120,97,132,110,90,144,116,91,166,145,102,157,132,98,4.6,1.9,0.3,161,138,114,72,71,48,69.2,55.1,36.4,43.7,36.8,22.5,24.8,23,13.2
202406,93,81,79,14,13,-1,123,107,101,110,95,88,129,116,83,152,140,104,143,131,94,2.9,2.2,-0.6,152,145,118,68,61,56,60.7,54.9,36,43.3,35.6,21.6,21.6,22.7,12.1
202407,113,76,79,33,2,-3,119,112,99,114,92,88,121,105,93,148,136,108,141,122,101,3.1,2.2,0.4,159,158,132,59,58,50,53.7,51.3,34.7,43.6,28.6,20.7,32.9,25,13
202408,83,80,77,6,9,-2,123,113,101,104,95,87,127,105,84,169,141,104,148,122,93,3,2.4,0.3,170,147,129,75,52,48,59.2,54.5,31.4,43.6,34.2,19.8,24.4,25.7,10
202409,104,78,78,9,1,-2,135,120,103,124,96,87,131,107,85,156,137,103,146,124,92,2.3,2,0.3,151,150,129,63,57,51,55,51.3,36.4,41.2,35.1,20.3,28.1,24.3,13.4
202410,125,77,74,22,-2,-6,134,124,96,135,97,83,141,97,82,140,143,97,144,122,89,3.7,2,0.5,168,153,135,78,61,48,62.7,50,34.8,44.1,34.2,21,27.7,23.2,12.6
202411,74,78,88,-4,2,3,131,118,109,100,97,98,129,110,98,160,135,113,148,124,108,3.9,1.7,0.5,168,145,140,87,63,53,61.2,51,34.8,38.9,31.1,22.4,26.5,25.7,13
