Date,Annual Trend in Household Financial Situation - Age 18-34,Annual Trend in Household Financial Situation - Age 35-54,Annual Trend in Household Financial Situation - Age 55-97,Current Financial Situation Compared with 5 Years Ago - Age 18-34,Current Financial Situation Compared with 5 Years Ago - Age 35-54,Current Financial Situation Compared with 5 Years Ago - Age 55-97,Current Financial Situation Compared wt 1-Year Ago - Age 35-54,Current Financial Situation Compared wt 1-Year Ago - Age 55-97,Current Financial Situation Compared wt a 1-Year Ago - Age 18-34,Expected Change in Financial Situation in 5 Years - Age 18-34,Expected Change in Financial Situation in 5 Years - Age 35-54,Expected Change in Financial Situation in 5 Years - Age 55-97,Expected Change in Financial Situation in a Year - Age 18-34,Expected Change in Financial Situation in a Year - Age 35-54,Expected Change in Financial Situation in a Year - Age 55-97,Expected Change in Real Household Income During Next Year - Age 18-34,Expected Change in Real Household Income During Next Year - Age 35-54,Expected Change in Real Household Income During Next Year - Age 55-97,Expected Household Income Change During the Next Year (Median) - Age 18-34,Expected Household Income Change During the Next Year (Median) - Age 35-54,Expected Household Income Change During the Next Year (Median) - Age 55-97,Expected Household Income Change During the Next Year (Real) - Age 18-34,Expected Household Income Change During the Next Year (Real) - Age 35-54,Expected Household Income Change During the Next Year (Real) - Age 55-97,Five Year Trend in Household Financial Situation - Age 18-34,Five Year Trend in Household Financial Situation - Age 35-54,Five Year Trend in Household Financial Situation - Age 55-97,Probability of Losing a Job During the Next 5 Years - Age 18-34,Probability of Losing a Job During the Next 5 Years - Age 35-54,Probability of Losing a Job During the Next 5 Years - Age 55-97,Probability of Personal Income Increase During the Next Year - Age 18-34,Probability of Personal Income Increase During the Next Year - Age 35-54,Probability of Personal Income Increase During the Next Year - Age 55-97,Probability of Real Income Gains During the Next 5 Years - Age 18-34,Probability of Real Income Gains During the Next 5 Years - Age 35-54,Probability of Real Income Gains During the Next 5 Years - Age 55-97,Reasons for Opinions About Household Financial Situation - Age 18-34,Reasons for Opinions About Household Financial Situation - Age 35-54,Reasons for Opinions About Household Financial Situation - Age 55-97,Yyyymm
1/1/1978,146,113,89,,,,105,89,130,,,,144,117,94,93,60,59,,,,,,,,,,,,,,,,,,,39,19,-5,197801
2/1/1978,149,114,89,,,,111,86,133,,,,143,106,92,97,77,64,9,5,0,164,148,120,,,,,,,,,,,,,35,19,-1,197802
3/1/1978,149,98,78,,,,89,82,132,,,,139,101,84,78,61,52,,,,,,,,,,,,,,,,,,,36,12,-5,197803
4/1/1978,143,105,86,,,,99,87,126,,,,144,108,84,87,66,53,,,,,,,,,,,,,,,,,,,30,17,3,197804
5/1/1978,150,108,75,,,,97,81,139,,,,140,112,84,92,69,49,9.6,5.2,0,177,160,134,,,,,,,,,,,,,38,16,-7,197805
6/1/1978,146,95,72,,,,100,81,140,,,,133,93,76,86,66,47,,,,,,,,,,,,,,,,,,,41,23,-1,197806
7/1/1978,145,110,92,,,,104,92,129,,,,139,106,89,77,60,51,,,,,,,,,,,,,,,,,,,42,23,5,197807
8/1/1978,141,109,80,,,,100,78,125,,,,134,109,93,85,68,57,9.5,5.3,0,168,160,130,,,,,,,,,,,,,35,27,5,197808
9/1/1978,144,110,81,,,,110,82,138,,,,133,111,86,81,64,44,,,,,,,,,,,,,,,,,,,46,30,-3,197809
10/1/1978,144,86,74,,,,83,77,129,,,,133,100,81,77,59,47,,,,,,,,,,,,,,,,,,,46,25,7,197810
11/1/1978,140,106,77,,,,103,83,132,,,,133,102,81,80,69,51,7.5,5,0,168,153,119,,,,,,,,,,,,,35,18,-4,197811
12/1/1978,125,87,85,,,,87,86,113,,,,123,92,78,72,56,66,,,,,,,,,,,,,,,,,,,34,18,5,197812
1/1/1979,141,103,67,,,,100,74,131,,,,131,105,66,76,54,45,,,,,,,,,,,,,,,,,,,38,30,-2,197901
2/1/1979,126,102,75,134,120,103,99,80,121,137,124,92,120,101,79,77,58,52,7.2,5.9,0,171,162,127,139,128,102,,,,,,,,,,31,17,0,197902
3/1/1979,133,79,74,,,,83,81,125,,,,134,90,76,68,58,45,,,,,,,,,,,,,,,,,,,36,21,8,197903
4/1/1979,111,85,57,,,,83,66,107,,,,115,86,65,63,58,38,,,,,,,,,,,,,,,,,,,34,24,1,197904
5/1/1979,124,86,71,,,,86,72,114,,,,120,86,79,83,59,51,9.7,6.7,0,173,154,130,,,,,,,,,,,,,33,20,2,197905
6/1/1979,125,82,76,,,,81,83,116,,,,117,86,75,70,45,54,,,,,,,,,,,,,,,,,,,36,25,9,197906
7/1/1979,122,84,65,137,118,90,88,70,115,146,115,75,115,91,75,78,54,41,,,,,,,147,117,79,,,,,,,,,,37,24,2,197907
8/1/1979,126,92,73,142,108,94,89,78,122,148,119,86,118,100,78,73,63,49,9.6,6.3,0,172,161,132,150,116,93,,,,,,,,,,35,21,2,197908
9/1/1979,119,91,76,,,,88,78,107,,,,123,94,82,68,61,44,,,,,,,,,,,,,,,,,,,29,23,2,197909
10/1/1979,119,76,68,,,,71,75,104,,,,124,91,75,68,54,47,,,,,,,,,,,,,,,,,,,29,12,2,197910
11/1/1979,118,83,62,,,,80,66,110,,,,117,94,78,71,63,48,9.5,5.4,0,172,159,126,,,,,,,,,,,,,31,19,-7,197911
12/1/1979,126,72,71,,,,68,75,108,,,,134,98,74,80,50,49,,,,,,,,,,,,,,,,,,,32,6,3,197912
1/1/1980,139,92,78,,,,86,80,122,,,,140,103,81,79,49,43,,,,,,,,,,,,,,,,,,,40,20,5,198001
2/1/1980,120,88,59,139,121,84,79,68,106,156,113,67,127,102,68,87,62,37,8.8,5.4,0.4,174,159,128,153,123,73,,,,,,,,,,31,22,-3,198002
3/1/1980,97,72,65,,,,70,65,91,,,,110,85,79,59,55,42,,,,,,,,,,,,,,,,,,,22,15,-6,198003
4/1/1980,103,61,72,,,,61,66,85,,,,115,82,84,75,63,52,9.7,5.2,-3.7,176,157,131,,,,,,,,,,,,,22,5,0,198004
5/1/1980,119,76,53,,,,63,58,109,,,,128,98,71,79,54,43,9.4,5.2,0.4,163,151,135,,,,,,,,,,,,,27,2,-3,198005
6/1/1980,119,70,69,,,,60,71,107,,,,126,101,75,87,60,67,9.8,5.5,0.7,177,154,135,,,,,,,,,,,,,22,8,-6,198006
7/1/1980,116,93,71,132,115,100,84,79,107,162,133,91,124,108,84,86,66,50,6.6,6.8,-1.8,157,158,114,150,127,95,,,,,,,,,,30,14,3,198007
8/1/1980,132,97,82,126,119,106,79,85,116,153,124,91,131,110,88,77,58,58,7.5,5.7,0.3,174,160,126,142,126,100,,,,,,,,,,27,14,8,198008
9/1/1980,131,88,88,137,96,111,73,86,114,156,129,96,133,117,99,82,65,61,8,6.5,-1.6,174,155,138,148,115,104,,,,,,,,,,34,7,3,198009
10/1/1980,131,83,84,,,,77,79,114,,,,133,97,94,91,64,54,9.9,6,-0.7,173,166,137,,,,,,,,,,,,,29,11,1,198010
11/1/1980,128,95,75,,,,82,63,101,,,,141,111,99,93,78,53,9.8,6.7,-1.7,181,165,131,,,,,,,,,,,,,28,15,-1,198011
12/1/1980,113,66,69,,,,65,64,99,,,,123,88,89,83,58,51,9.8,5.3,-0.8,175,160,118,,,,,,,,,,,,,26,9,-4,198012
1/1/1981,113,91,74,140,120,98,76,72,95,148,138,89,128,114,90,86,80,56,9.6,5.5,0.1,170,163,119,150,132,96,,,,,,,,,,24,12,2,198101
2/1/1981,120,89,72,119,107,88,78,62,101,156,124,93,123,108,90,81,66,60,9.6,5.6,0.2,174,155,122,141,119,90,,,,,,,,,,23,6,0,198102
3/1/1981,123,89,70,131,101,83,79,69,109,150,139,87,127,101,83,83,70,58,9.3,5,0.2,174,159,121,145,122,84,,,,,,,,,,26,9,-12,198103
4/1/1981,124,77,65,,,,62,69,101,,,,138,108,86,84,68,52,9.9,5,-0.7,171,157,129,,,,,,,,,,,,,15,5,-5,198104
5/1/1981,130,94,92,,,,80,92,113,,,,137,114,102,100,81,61,9.6,7.1,2,173,172,141,,,,,,,,,,,,,29,14,7,198105
6/1/1981,123,91,85,,,,76,77,112,,,,127,106,104,93,73,68,9.8,5.2,-1.6,178,148,133,,,,,,,,,,,,,32,9,-5,198106
7/1/1981,132,104,90,130,120,103,94,91,115,156,132,96,140,113,92,98,78,64,9.1,6.1,-0.7,168,159,121,150,125,104,,,,,,,,,,26,19,2,198107
8/1/1981,138,106,89,131,134,111,97,83,118,170,137,98,141,115,92,92,80,58,8.8,7.3,-3.8,176,155,123,153,146,109,,,,,,,,,,31,29,2,198108
9/1/1981,129,99,87,135,125,91,82,79,123,160,131,99,131,110,97,82,70,64,8.8,4.6,0.2,164,154,128,151,133,95,,,,,,,,,,36,9,-5,198109
10/1/1981,124,95,98,,,,82,91,111,,,,130,107,95,87,71,54,9.5,5.4,0.4,154,162,136,,,,,,,,,,,,,23,9,6,198110
11/1/1981,120,89,82,,,,73,83,102,,,,127,114,91,85,66,59,9.8,5.5,-1.8,172,154,104,,,,,,,,,,,,,25,3,-1,198111
12/1/1981,127,100,84,,,,87,85,110,,,,127,116,84,92,82,57,9.7,6.6,-1.7,171,154,116,,,,,,,,,,,,,33,9,0,198112
1/1/1982,120,101,83,126,112,112,85,88,101,155,146,101,134,117,90,100,78,65,9,5,0.2,172,148,116,144,129,113,,,,,,,,,,15,10,-6,198201
2/1/1982,116,109,78,130,125,103,96,77,98,152,143,94,128,120,86,96,91,59,9.4,6.6,0.1,165,159,114,142,138,102,,,,,,,,,,19,13,-6,198202
3/1/1982,115,97,82,133,112,101,87,81,100,156,137,97,122,107,88,83,79,69,7.5,4.6,0.2,155,140,112,147,127,103,,,,,,,,,,13,9,-10,198203
4/1/1982,119,98,79,,,,86,77,98,,,,130,109,94,93,82,59,6.8,5.1,-1.9,158,148,111,,,,,,,,,,,,,15,6,-9,198204
5/1/1982,127,100,85,,,,86,87,108,,,,132,113,92,105,78,70,9.6,5.2,-1.8,167,151,117,,,,,,,,,,,,,18,11,-1,198205
6/1/1982,131,96,83,,,,84,80,112,,,,138,117,94,108,76,61,9.3,5.4,-1.8,165,152,114,,,,,,,,,,,,,23,5,-1,198206
7/1/1982,127,91,86,118,118,104,79,82,112,164,148,103,139,110,93,91,79,60,7.6,4.7,-1.8,153,149,118,144,136,105,,,,,,,,,,22,-2,-1,198207
8/1/1982,118,92,86,110,112,93,80,81,106,157,140,103,127,106,95,95,79,56,6.9,5,0.2,159,150,121,133,129,100,,,,,,,,,,14,7,-7,198208
9/1/1982,119,100,90,126,112,104,84,83,101,154,138,95,131,117,100,90,80,66,7,4.6,-0.8,160,147,120,143,126,103,,,,,,,,,,12,5,-8,198209
10/1/1982,127,98,94,,,,89,86,109,,,,133,117,104,93,84,64,7.8,5.2,-0.8,161,158,115,,,,,,,,,,,,,22,7,1,198210
11/1/1982,115,108,85,,,,86,74,96,,,,129,131,103,87,87,75,5.3,4.9,-0.7,153,149,125,,,,,,,,,,,,,13,0,-2,198211
12/1/1982,123,107,87,,,,88,82,98,,,,138,120,91,106,87,71,8.8,5.2,-0.9,161,150,111,,,,,,,,,,,,,8,6,1,198212
1/1/1983,126,103,78,112,108,95,82,80,113,157,140,92,135,119,89,99,78,64,5.4,3.2,0,157,148,107,136,126,90,,,,,,,,,,28,1,-11,198301
2/1/1983,130,94,92,122,102,96,75,83,109,168,140,103,136,116,98,93,81,68,7.3,3,-0.9,157,141,111,146,125,102,,,,,,,,,,18,-1,-9,198302
3/1/1983,123,109,95,123,108,105,85,91,100,167,158,99,142,132,101,97,88,71,6.1,4.7,0.1,156,145,109,150,134,101,,,,,,,,,,12,-6,-4,198303
4/1/1983,145,124,105,,,,107,91,126,,,,146,132,112,100,92,74,7.2,5.3,0.2,172,165,119,,,,,,,,,,,,,26,5,-1,198304
5/1/1983,139,130,97,,,,107,84,110,,,,150,142,117,101,105,67,8,4.7,0.3,163,151,117,,,,,,,,,,,,,10,9,5,198305
6/1/1983,146,125,99,,,,108,92,128,,,,144,131,109,105,90,67,6.7,4.8,0.2,165,153,117,,,,,,,,,,,,,25,10,4,198306
7/1/1983,159,117,86,139,113,104,101,85,139,168,154,92,150,130,96,112,84,63,6.5,3.1,0.1,170,141,116,154,134,103,,,,,,,,,,43,1,-8,198307
8/1/1983,139,130,84,129,118,110,106,89,122,170,160,98,148,135,90,106,93,57,6.7,5,0.2,166,153,117,155,140,107,,,,,,,,,,23,12,3,198308
9/1/1983,147,128,91,138,118,103,108,90,130,166,154,99,139,139,98,98,94,59,5.4,4.8,-0.9,169,153,113,153,137,102,,,,,,,,,,30,10,1,198309
10/1/1983,136,124,85,,,,106,87,116,,,,144,129,94,100,78,58,6.9,4.8,-0.9,166,153,111,,,,,,,,,,,,,20,8,-4,198310
11/1/1983,149,131,87,,,,113,90,130,,,,150,136,93,107,99,67,8.1,5.1,0.2,172,161,120,,,,,,,,,,,,,30,19,-1,198311
12/1/1983,161,129,99,,,,122,96,149,,,,143,127,102,110,90,60,7.6,4.6,0.2,171,153,119,,,,,,,,,,,,,33,21,-1,198312
1/1/1984,155,140,92,141,138,114,126,88,140,167,157,98,147,139,101,120,96,65,7.3,4.8,-0.8,176,157,121,158,150,113,,,,,,,,,,35,19,-8,198401
2/1/1984,148,136,101,150,126,114,121,100,133,173,158,104,147,137,106,109,101,72,6.9,5.3,0.2,175,165,120,165,149,114,,,,,,,,,,34,18,-4,198402
3/1/1984,159,139,104,142,132,114,126,93,145,170,153,104,150,144,108,108,100,68,7,5.5,0.2,179,170,126,161,145,114,,,,,,,,,,44,28,-2,198403
4/1/1984,150,128,91,,,,116,88,144,,,,143,130,101,114,85,67,9.5,4.6,0.2,177,148,115,,,,,,,,,,,,,36,17,-7,198404
5/1/1984,151,140,102,,,,128,96,137,,,,147,135,102,110,85,65,9.6,4.9,0.2,168,160,123,,,,,,,,,,,,,37,23,-1,198405
6/1/1984,155,139,108,,,,128,105,142,,,,143,130,98,115,99,65,6.8,5.2,0.2,169,161,120,,,,,,,,,,,,,42,25,7,198406
7/1/1984,153,128,96,146,133,125,116,97,140,172,146,101,149,125,99,119,83,65,5.8,4.6,0.3,175,159,127,164,147,119,,,,,,,,,,37,22,0,198407
8/1/1984,157,141,109,142,142,107,126,103,146,174,166,99,144,141,103,117,103,77,7.1,5.1,0.3,171,164,122,161,161,109,,,,,,,,,,43,24,-1,198408
9/1/1984,156,141,111,145,140,129,128,105,142,171,146,110,147,138,108,110,90,78,7.7,4.7,0.3,175,154,128,162,146,130,,,,,,,,,,44,33,5,198409
10/1/1984,153,133,101,,,,121,100,133,,,,152,129,100,112,95,76,9.5,4.8,0.2,175,153,119,,,,,,,,,,,,,40,13,6,198410
11/1/1984,159,130,114,,,,115,103,145,,,,140,134,111,113,88,74,7.7,4.5,0.3,170,152,126,,,,,,,,,,,,,39,14,-1,198411
12/1/1984,155,125,102,,,,114,98,142,,,,146,129,101,114,85,75,6.9,4.8,0.2,169,150,120,,,,,,,,,,,,,37,12,1,198412
1/1/1985,152,131,104,154,135,117,118,105,136,167,147,101,146,130,100,107,92,65,5.4,4.8,0,166,157,102,168,146,111,,,,,,,,,,34,22,3,198501
2/1/1985,152,129,89,146,120,97,114,89,142,164,149,97,140,129,93,104,86,57,5.9,3.8,0.1,166,154,104,160,139,97,,,,,,,,,,41,12,-5,198502
3/1/1985,150,121,94,,,,113,92,133,,,,146,126,97,102,90,67,5.4,4.6,0.1,162,153,106,,,,,,,,,,,,,34,17,2,198503
4/1/1985,155,128,98,,,,114,95,140,,,,147,130,105,117,89,69,7.1,3.7,0.1,167,152,106,,,,,,,,,,,,,26,15,2,198504
5/1/1985,151,119,104,,,,109,101,142,,,,140,119,101,108,85,65,5.2,3.2,0.2,168,148,117,,,,,,,,,,,,,40,16,0,198505
6/1/1985,154,129,95,,,,115,93,140,,,,145,131,106,111,85,72,7.9,4.6,0.2,175,148,114,,,,,,,,,,,,,40,18,0,198506
7/1/1985,146,130,102,145,141,110,118,100,130,165,146,98,145,127,102,108,88,65,5.1,4,0,159,156,102,163,153,109,,,,,,,,,,22,17,-1,198507
8/1/1985,154,127,86,148,118,101,111,84,138,163,147,97,141,132,96,106,90,64,5.4,4.7,0.1,171,154,111,161,138,103,,,,,,,,,,44,13,-7,198508
9/1/1985,148,127,95,140,124,112,114,95,137,171,146,90,143,134,95,102,92,69,6.1,3.6,0.2,160,153,115,158,139,102,,,,,,,,,,44,16,2,198509
10/1/1985,155,131,86,,,,111,86,138,,,,147,130,95,110,81,65,7.2,2.2,-0.9,172,141,115,,,,,,,,,,,,,39,16,-3,198510
11/1/1985,150,128,91,,,,109,93,135,,,,142,136,95,108,86,69,5.1,4.7,-0.8,166,151,119,,,,,,,,,,,,,35,16,1,198511
12/1/1985,155,133,96,,,,124,93,143,,,,141,128,101,111,91,67,6.4,4.5,0.2,175,154,117,,,,,,,,,,,,,48,15,-5,198512
1/1/1986,158,138,89,,,,126,91,146,,,,142,131,92,104,95,70,5.5,4.4,0.1,164,154,109,,,,,,,,,,,,,45,22,-14,198601
2/1/1986,152,134,96,,,,122,95,136,,,,147,129,94,103,79,69,5.3,3.7,0.2,168,161,112,,,,,,,,,,,,,39,27,-10,198602
3/1/1986,156,136,96,,,,120,100,144,,,,144,135,95,110,95,64,5.3,3.9,0.2,163,152,112,,,,,,,,,,,,,41,20,-1,198603
4/1/1986,152,139,95,,,,120,95,141,,,,142,139,98,105,96,64,6.4,4.7,0.2,161,152,115,,,,,,,,,,,,,38,17,-10,198604
5/1/1986,153,140,90,,,,121,94,135,,,,149,141,93,92,101,73,5.2,4.6,0.2,163,160,110,,,,,,,,,,,,,27,16,0,198605
6/1/1986,158,141,99,,,,127,94,150,,,,142,135,103,115,94,62,5.3,3.8,0.2,166,152,116,,,,,,,,,,,,,44,20,-1,198606
7/1/1986,166,140,99,,,,124,100,152,,,,148,136,104,108,101,77,5.4,4.7,0.2,171,159,117,,,,,,,,,,,,,51,15,-7,198607
8/1/1986,155,144,100,,,,128,92,140,,,,147,135,98,109,95,63,6.3,4.3,-1.8,163,162,121,,,,,,,,,,,,,37,15,-6,198608
9/1/1986,166,136,87,,,,119,87,152,,,,149,136,93,109,88,68,5,3.4,0.2,169,154,116,,,,,,,,,,,,,40,13,-9,198609
10/1/1986,148,134,106,,,,123,100,134,,,,143,131,106,106,98,62,6.6,4.6,0.2,170,157,116,,,,,,,,,,,,,33,16,0,198610
11/1/1986,161,130,96,,,,117,97,150,,,,137,131,93,99,101,72,5.2,4.8,0.3,168,168,119,,,,,,,,,,,,,49,12,-3,198611
12/1/1986,149,145,95,,,,130,91,129,,,,146,133,103,99,89,66,5.2,3.3,0.3,172,152,126,,,,,,,,,,,,,29,26,1,198612
1/1/1987,161,143,88,,,,128,84,143,,,,150,134,102,97,90,71,5.4,3.9,0.1,169,163,113,,,,,,,,,,,,,45,25,-6,198701
2/1/1987,152,129,94,,,,118,86,138,,,,148,128,100,99,88,61,5.2,3.2,0.1,161,158,114,,,,,,,,,,,,,37,17,-13,198702
3/1/1987,164,123,86,,,,108,89,148,,,,151,127,91,102,87,59,5.1,3.1,0,170,152,107,,,,,,,,,,,,,45,10,-12,198703
4/1/1987,151,131,96,,,,113,95,137,,,,146,133,100,106,84,71,6.8,3.5,0.1,176,149,114,,,,,,,,,,,,,40,15,-1,198704
5/1/1987,151,137,90,,,,129,87,139,,,,139,127,98,98,88,62,5.1,4.2,0.2,158,161,112,,,,,,,,,,,,,35,24,-6,198705
6/1/1987,154,135,93,,,,118,99,142,,,,139,131,95,94,89,54,5,3.3,0.2,169,158,122,,,,,,,,,,,,,37,13,7,198706
7/1/1987,158,139,92,,,,126,96,148,,,,137,134,96,96,83,70,5.1,4.1,-0.9,173,160,108,,,,,,,,,,,,,43,29,0,198707
8/1/1987,156,142,87,,,,128,87,143,,,,145,133,97,110,79,63,5.8,4.2,-1.8,168,161,122,,,,,,,,,,,,,40,22,-3,198708
9/1/1987,161,139,100,,,,120,98,141,,,,150,133,94,101,80,61,4.9,3,0.2,154,162,123,,,,,,,,,,,,,38,19,-3,198709
10/1/1987,149,127,107,,,,117,97,139,,,,145,128,111,98,95,71,5.2,4.5,0.2,165,154,120,,,,,,,,,,,,,31,15,0,198710
11/1/1987,152,125,82,,,,121,89,135,,,,147,119,88,105,90,65,6.6,3.9,0.3,181,153,120,,,,,,,,,,,,,38,24,0,198711
12/1/1987,150,139,88,,,,127,90,142,,,,136,134,92,90,97,56,4.7,4.7,-1,156,160,101,,,,,,,,,,,,,39,18,-7,198712
1/1/1988,161,145,102,,,,123,94,148,,,,139,145,106,97,84,70,4.9,4.8,0.1,175,164,117,,,,,,,,,,,,,47,24,7,198801
2/1/1988,162,134,103,,,,123,96,142,,,,155,125,106,101,94,66,5.2,3.3,0.3,172,154,123,,,,,,,,,,,,,46,25,5,198802
3/1/1988,168,143,101,,,,130,99,149,,,,153,138,103,108,88,75,5.5,4.3,0.1,176,161,113,,,,,,,,,,,,,48,24,1,198803
4/1/1988,153,127,107,,,,112,101,140,,,,140,131,104,95,91,71,4.9,2.4,0.2,169,144,122,,,,,,,,,,,,,27,17,4,198804
5/1/1988,150,128,88,,,,115,86,132,,,,146,133,102,96,86,72,5,3.4,-0.8,167,148,120,,,,,,,,,,,,,35,8,-4,198805
6/1/1988,158,149,84,,,,132,83,143,,,,153,141,95,103,95,57,5.6,3.9,0.1,165,154,114,,,,,,,,,,,,,36,28,-7,198806
7/1/1988,160,134,100,,,,119,101,139,,,,147,130,101,104,82,66,5.2,4.6,0.1,176,164,112,,,,,,,,,,,,,37,36,-3,198807
8/1/1988,158,144,93,,,,132,94,152,,,,147,138,94,100,93,70,5.6,4.9,0.2,173,170,124,,,,,,,,,,,,,58,32,-6,198808
9/1/1988,162,139,111,,,,121,107,149,,,,148,137,108,107,98,74,5.4,4.6,0.3,167,161,128,,,,,,,,,,,,,50,25,4,198809
10/1/1988,148,135,90,,,,122,88,131,,,,149,129,94,100,89,63,6.7,4.3,-1.8,160,155,125,,,,,,,,,,,,,32,19,-4,198810
11/1/1988,153,124,94,,,,105,87,139,,,,145,130,102,101,90,71,5.5,4.6,0.4,177,156,132,,,,,,,,,,,,,43,10,-1,198811
12/1/1988,159,131,82,,,,114,86,140,,,,154,138,88,102,77,48,6.3,3.9,0.2,170,164,117,,,,,,,,,,,,,39,19,-7,198812
1/1/1989,162,138,98,,,,126,92,141,,,,158,128,101,100,77,65,5.8,3.3,0.3,164,148,125,,,,,,,,,,,,,32,31,-5,198901
2/1/1989,167,135,96,,,,119,93,147,,,,149,134,105,95,88,61,5.3,4.8,0.2,175,164,124,,,,,,,,,,,,,42,19,-8,198902
3/1/1989,159,127,104,,,,110,94,142,,,,150,132,109,100,76,62,5.1,4,-0.8,165,150,119,,,,,,,,,,,,,38,9,4,198903
4/1/1989,151,127,101,,,,106,94,134,,,,151,132,100,101,77,59,5.4,3.1,-0.7,172,151,124,,,,,,,,,,,,,35,16,5,198904
5/1/1989,160,125,101,,,,118,99,143,,,,147,127,99,103,86,60,5.2,4.5,-0.8,170,153,120,,,,,,,,,,,,,42,16,-4,198905
6/1/1989,153,128,93,,,,108,92,143,,,,139,130,100,89,79,53,4.9,2.9,-3.8,171,153,118,,,,,,,,,,,,,38,12,0,198906
7/1/1989,155,137,79,,,,117,81,138,,,,147,135,88,101,77,61,5.4,2.8,-3.9,171,154,118,,,,,,,,,,,,,34,16,-1,198907
8/1/1989,170,124,84,,,,110,82,153,,,,158,126,96,109,81,66,6.8,4.6,0.2,177,158,118,,,,,,,,,,,,,50,14,-1,198908
9/1/1989,161,127,95,,,,110,96,147,,,,150,138,99,99,77,61,5.4,4,0.1,168,156,107,,,,,,,,,,,,,41,13,-8,198909
10/1/1989,163,129,103,,,,114,93,137,,,,162,132,108,107,86,58,6.9,4.2,0.2,178,155,115,,,,,,,,,,,,,30,18,0,198910
11/1/1989,156,137,89,,,,120,87,136,,,,151,134,101,111,81,64,5.1,4.5,-1.5,176,171,140,,,,,,,,,,,,,29,27,-8,198911
12/1/1989,147,135,99,,,,122,93,127,,,,148,133,103,105,80,53,5.2,4.6,0.2,170,156,120,,,,,,,,,,,,,33,22,3,198912
1/1/1990,149,137,93,,,,120,90,138,,,,141,136,94,93,81,63,4.9,4.6,0.2,172,157,124,,,,,,,,,,,,,39,22,-6,199001
2/1/1990,158,115,87,,,,97,88,136,,,,153,130,93,110,72,60,5.2,3.8,0.1,168,157,115,,,,,,,,,,,,,38,8,-5,199002
3/1/1990,156,133,95,,,,118,100,134,,,,151,131,94,95,94,65,5.3,4.8,0.1,170,157,112,,,,,,,,,,,,,39,25,0,199003
4/1/1990,169,148,102,,,,124,97,147,,,,156,153,104,101,99,62,5.5,5.1,-1.7,181,169,125,,,,,,,,,,,,,36,21,6,199004
5/1/1990,162,135,94,,,,118,92,149,,,,152,134,93,108,83,70,7.1,5,0.2,180,164,121,,,,,,,,,,,,,34,17,-1,199005
6/1/1990,164,118,100,,,,113,95,146,,,,151,121,99,98,76,68,5.1,3.9,0.2,169,146,119,,,,,,,,,,,,,41,21,7,199006
7/1/1990,153,129,97,,,,118,90,133,,,,151,127,101,106,85,67,5.7,4.9,-2.7,174,162,128,,,,,,,,,,,,,33,21,0,199007
8/1/1990,145,128,74,,,,113,74,126,,,,141,128,87,90,71,56,5.2,4.9,0.2,166,163,114,,,,,,,,,,,,,32,19,-11,199008
9/1/1990,141,110,90,,,,99,88,130,,,,130,117,90,85,68,59,5,3.3,0.1,166,153,113,,,,,,,,,,,,,30,18,-2,199009
10/1/1990,132,95,66,,,,89,75,111,,,,140,108,72,76,64,47,5,3.8,0.1,164,155,105,,,,,,,,,,,,,15,0,0,199010
11/1/1990,130,108,80,,,,98,78,114,,,,136,112,87,92,68,67,4.6,3.6,0.3,159,146,122,,,,,,,,,,,,,28,8,-2,199011
12/1/1990,134,108,74,,,,97,75,122,,,,128,113,90,81,73,56,4.9,2.6,0.2,157,154,116,,,,,,,,,,,,,28,11,-8,199012
1/1/1991,148,107,83,,,,100,84,129,,,,143,117,92,103,79,61,5.3,3.1,0.1,171,153,114,,,,,,,,,,,,,30,4,-16,199101
2/1/1991,121,119,89,,,,100,85,101,,,,132,131,94,86,70,55,4.5,3.1,0.3,150,152,126,,,,,,,,,,,,,11,5,-4,199102
3/1/1991,149,113,87,,,,93,86,123,,,,145,132,94,93,81,67,5.1,4.6,-1.9,162,155,116,,,,,,,,,,,,,22,6,-11,199103
4/1/1991,136,119,92,,,,100,88,112,,,,148,130,94,93,76,57,5.2,3.3,-0.8,159,158,119,,,,,,,,,,,,,18,9,-7,199104
5/1/1991,151,116,85,,,,90,88,131,,,,142,130,100,83,71,63,4.8,3.2,0.2,157,139,123,,,,,,,,,,,,,26,-1,-11,199105
6/1/1991,148,113,88,,,,96,90,126,,,,147,124,89,91,82,62,5.1,4,0.1,163,142,111,,,,,,,,,,,,,24,2,-1,199106
7/1/1991,132,122,92,,,,110,87,114,,,,139,121,99,99,76,62,4.7,3.5,-0.8,160,150,111,,,,,,,,,,,,,26,14,-10,199107
8/1/1991,145,123,89,,,,100,83,125,,,,142,127,102,84,75,67,3.3,2.9,0.2,153,153,122,,,,,,,,,,,,,20,4,-8,199108
9/1/1991,149,114,89,,,,93,83,135,,,,136,130,99,103,81,59,4.7,4.4,0.2,175,159,126,,,,,,,,,,,,,31,-3,-12,199109
10/1/1991,142,119,84,,,,95,83,124,,,,143,132,99,93,68,55,5,3,0.1,177,152,115,,,,,,,,,,,,,25,2,-6,199110
11/1/1991,124,104,78,,,,80,76,107,,,,141,126,91,103,74,54,5,3,0.3,157,146,125,,,,,,,,,,,,,15,-12,0,199111
12/1/1991,136,97,70,,,,83,68,115,,,,142,116,90,98,73,62,4.9,2.8,0.2,161,143,115,,,,,,,,,,,,,15,-5,-13,199112
1/1/1992,126,101,78,,,,88,77,104,,,,142,118,93,87,74,65,4,2.2,0.2,153,132,115,,,,,,,,,,,,,4,-9,-12,199201
2/1/1992,145,101,79,,,,80,71,119,,,,144,124,98,90,80,59,4.1,2.6,0.2,157,136,121,,,,,,,,,,,,,17,-16,-18,199202
3/1/1992,129,115,74,,,,92,65,122,,,,124,125,92,95,80,63,5.1,3.3,0.1,158,145,106,,,,,,,,,,,,,25,-4,-9,199203
4/1/1992,141,120,76,,,,101,72,111,,,,151,132,97,107,86,64,4.9,3.1,0.1,168,152,112,,,,,,,,,,,,,16,2,-7,199204
5/1/1992,139,115,76,,,,99,75,116,,,,146,125,94,109,70,65,5.3,2.8,0.1,174,142,107,,,,,,,,,,,,,15,-5,-14,199205
6/1/1992,145,120,77,,,,99,76,124,,,,146,137,92,108,91,63,4.7,4.4,0.1,168,159,111,,,,,,,,,,,,,22,-3,-18,199206
7/1/1992,145,113,85,,,,96,73,119,,,,146,123,107,88,76,66,4.9,1.1,0.2,167,136,117,,,,,,,,,,,,,9,-3,0,199207
8/1/1992,136,111,72,,,,93,67,110,,,,148,121,92,98,67,54,5.1,3.1,-1.9,165,149,111,,,,,,,,,,,,,12,0,-19,199208
9/1/1992,152,120,76,,,,99,76,133,,,,140,135,94,93,87,63,5.2,4.2,0.1,164,155,109,,,,,,,,,,,,,25,-4,-4,199209
10/1/1992,131,110,76,,,,94,74,101,,,,143,121,99,103,77,67,4.9,2.8,0.2,164,145,122,,,,,,,,,,,,,12,-3,-11,199210
11/1/1992,147,123,101,,,,111,88,125,,,,144,121,101,102,89,65,5.5,3.4,0.2,171,157,120,,,,,,,,,,,,,27,10,-11,199211
12/1/1992,151,119,86,,,,95,70,129,,,,146,133,111,105,84,67,5.1,3.4,0.4,175,159,127,,,,,,,,,,,,,21,-6,-17,199212
1/1/1993,148,122,100,,,,109,95,128,,,,148,127,107,93,87,73,4.5,2.6,1.2,166,151,143,,,,,,,,,,,,,11,11,-8,199301
2/1/1993,146,121,81,,,,98,78,122,,,,150,133,91,97,87,61,4.9,4.5,0,167,153,103,,,,,,,,,,,,,21,0,-4,199302
3/1/1993,143,118,87,,,,107,94,132,,,,142,119,95,99,79,61,4.2,3,0.1,158,152,105,,,,,,,,,,,,,37,5,-8,199303
4/1/1993,150,118,81,,,,110,78,126,,,,147,124,92,96,78,53,4.9,3,0,166,152,103,,,,,,,,,,,,,17,9,-11,199304
5/1/1993,139,111,85,,,,102,85,123,,,,139,113,93,98,82,67,5,2.8,0.2,160,148,118,,,,,,,,,,,,,26,9,-2,199305
6/1/1993,154,111,72,,,,96,76,144,,,,140,119,86,96,73,51,5.1,2.7,0.1,163,136,101,,,,,,,,,,,,,37,3,-11,199306
7/1/1993,146,111,77,,,,97,74,136,,,,127,120,87,83,88,64,3.5,2.4,0.1,161,139,103,,,,,,,,,,,,,37,4,-10,199307
8/1/1993,145,109,64,,,,99,69,123,,,,147,114,85,99,75,64,5.1,2.6,0.1,167,138,116,,,,,,,,,,,,,24,5,-19,199308
9/1/1993,137,113,89,,,,108,85,118,,,,133,120,89,102,80,65,5.1,2.7,0.2,177,146,113,,,,,,,,,,,,,19,10,-7,199309
10/1/1993,138,120,82,,,,112,84,116,,,,144,123,87,89,82,55,5.1,2.9,0.2,163,150,117,,,,,,,,,,,,,22,5,-14,199310
11/1/1993,139,117,97,,,,105,90,126,,,,138,122,100,95,70,65,5.3,3,0.2,172,149,114,,,,,,,,,,,,,24,9,-8,199311
12/1/1993,154,116,96,,,,101,96,141,,,,141,121,100,102,74,65,4.7,2.4,0.2,170,147,121,,,,,,,,,,,,,36,7,-1,199312
1/1/1994,147,122,110,,,,106,106,131,,,,139,125,102,100,84,67,4.7,2.9,0.1,155,147,111,,,,,,,,,,,,,33,12,-3,199401
2/1/1994,154,130,92,,,,112,84,142,,,,144,130,104,104,95,63,5,3.4,0.2,161,161,117,,,,,,,,,,,,,37,15,-3,199402
3/1/1994,157,125,88,,,,105,83,135,,,,149,135,98,96,87,63,4.3,3.8,0.1,159,150,116,,,,,,,,,,,,,33,10,-4,199403
4/1/1994,150,128,102,,,,117,100,136,,,,147,123,106,96,84,66,5.3,3.5,0.3,165,155,129,,,,,,,,,,,,,30,15,-3,199404
5/1/1994,154,124,94,,,,108,91,136,,,,147,129,94,93,79,83,5,3,0.1,166,137,113,,,,,,,,,,,,,32,10,1,199405
6/1/1994,150,124,96,,,,111,90,133,,,,148,131,102,108,80,59,5.1,3,0.1,164,153,116,,,,,,,,,,,,,31,7,-2,199406
7/1/1994,147,129,100,,,,115,100,136,,,,141,128,99,91,78,68,5,3,0.1,162,152,111,,,,,,,,,,,,,37,13,-3,199407
8/1/1994,153,139,94,,,,119,96,138,,,,138,139,99,97,84,56,4.8,3.1,0.2,164,154,122,,,,,,,,,,,,,43,21,3,199408
9/1/1994,140,131,96,,,,110,82,126,,,,138,140,111,84,82,58,4.5,3.4,-0.8,157,165,123,,,,,,,,,,,,,25,13,-13,199409
10/1/1994,150,123,102,,,,109,97,119,,,,157,131,106,101,66,64,4.9,2.5,0.2,170,151,127,,,,,,,,,,,,,25,20,-6,199410
11/1/1994,148,126,88,,,,116,81,131,,,,146,128,96,100,87,61,4.8,2.7,0.1,171,149,116,,,,,,,,,,,,,31,17,-4,199411
12/1/1994,151,134,98,,,,118,93,129,,,,153,133,104,96,84,61,5,3.4,0.2,168,162,121,,,,,,,,,,,,,32,18,4,199412
1/1/1995,162,140,100,,,,125,95,142,,,,154,130,99,105,79,75,4.9,3.1,-0.7,170,164,120,,,,,,,,,,,,,39,21,-17,199501
2/1/1995,154,140,96,,,,125,95,139,,,,149,135,101,103,87,60,4.8,3.3,0.2,164,162,124,,,,,,,,,,,,,38,29,-8,199502
3/1/1995,139,125,94,,,,114,91,126,,,,136,124,99,84,92,55,4.5,2.9,0.3,162,156,129,,,,,,,,,,,,,28,15,-6,199503
4/1/1995,150,135,103,,,,116,95,136,,,,153,133,104,116,73,65,5,2.4,0.2,166,146,123,,,,,,,,,,,,,32,13,-1,199504
5/1/1995,151,129,101,,,,115,92,134,,,,139,131,104,103,80,67,4.5,3.1,-0.6,160,156,129,,,,,,,,,,,,,36,11,-4,199505
6/1/1995,166,129,97,,,,113,96,146,,,,158,132,99,108,80,60,4.8,3,0.3,171,158,122,,,,,,,,,,,,,43,9,-3,199506
7/1/1995,149,130,93,,,,121,89,127,,,,152,129,108,98,85,77,4.6,3.2,0.3,152,158,127,,,,,,,,,,,,,30,20,-9,199507
8/1/1995,163,138,99,,,,124,94,152,,,,146,134,102,107,89,59,5.2,3.1,0.1,168,162,113,,,,,,,,,,,,,45,17,-1,199508
9/1/1995,139,135,88,,,,118,91,126,,,,141,128,92,93,86,65,4.8,2.9,0,163,153,107,,,,,,,,,,,,,24,25,-7,199509
10/1/1995,154,128,82,,,,111,82,140,,,,139,130,89,106,76,62,4.8,3.1,0.2,166,150,117,,,,,,,,,,,,,38,14,-12,199510
11/1/1995,150,130,90,,,,110,93,124,,,,146,130,95,91,83,58,3.5,3.3,0.3,165,155,128,,,,,,,,,,,,,22,13,-3,199511
12/1/1995,152,127,96,,,,110,90,142,,,,150,132,100,109,85,56,5,2.6,0.3,171,150,124,,,,,,,,,,,,,45,12,-7,199512
1/1/1996,154,132,102,,,,114,102,130,,,,154,137,101,89,79,75,4.7,3.6,0.3,163,158,125,,,,,,,,,,,,,32,15,1,199601
2/1/1996,153,129,85,,,,115,89,135,,,,145,127,90,110,79,61,5,3,0.2,162,150,115,,,,,,,,,,,,,33,16,-6,199602
3/1/1996,153,134,97,,,,113,98,126,,,,159,137,96,111,83,67,5.3,3.3,0.2,174,165,120,,,,,,,,,,,,,29,11,-13,199603
4/1/1996,157,139,102,,,,118,98,141,,,,143,137,103,99,87,56,4.7,3.2,0.2,162,156,119,,,,,,,,,,,,,29,16,-7,199604
5/1/1996,148,129,100,,,,116,96,132,,,,139,127,101,97,76,72,4.5,2.7,0.2,158,151,129,,,,,,,,,,,,,33,10,-5,199605
6/1/1996,151,134,100,,,,124,97,132,,,,155,126,107,92,79,60,4.6,2.7,0.2,162,157,125,,,,,,,,,,,,,31,26,0,199606
7/1/1996,153,131,101,,,,119,93,133,,,,153,128,106,108,89,62,4.9,3.4,0.2,164,155,123,,,,,,,,,,,,,33,22,-15,199607
8/1/1996,163,132,98,,,,116,96,146,,,,158,131,99,110,86,66,5,2.9,0.2,182,148,114,,,,,,,,,,,,,40,22,-6,199608
9/1/1996,157,130,96,,,,109,88,130,,,,157,134,100,105,80,63,5,3.1,0.5,171,163,137,,,,,,,,,,,,,34,13,-9,199609
10/1/1996,143,132,110,,,,114,108,125,,,,144,136,103,104,84,67,4.5,3.5,0.3,164,163,127,,,,,,,,,,,,,23,11,1,199610
11/1/1996,162,146,100,,,,125,98,141,,,,157,143,100,112,88,69,5,3.1,0.3,172,154,128,,,,,,,,,,,,,39,27,2,199611
12/1/1996,162,133,104,,,,118,89,150,,,,146,137,115,102,79,71,4.8,3,-0.5,178,156,138,,,,,,,,,,,,,39,14,3,199612
1/1/1997,155,138,103,,,,122,94,133,,,,150,133,101,109,84,67,6,3.1,0.4,175,153,126,,,,,,,,,,,,,36,17,-4,199701
2/1/1997,145,143,104,,,,120,98,124,,,,150,148,103,108,90,59,5.1,3.5,0.4,164,164,132,,,,,,,,,,,,,18,18,3,199702
3/1/1997,149,138,112,,,,122,104,131,,,,153,135,115,106,80,64,5.1,3,0.2,169,157,119,,,,,,,,,,,,,30,17,-3,199703
4/1/1997,165,146,111,,,,134,105,158,,,,147,134,109,107,88,65,4.6,3.5,0.2,169,166,118,,,,,,,,,,,,,50,24,8,199704
5/1/1997,167,138,113,,,,113,102,156,,,,153,147,112,103,91,65,5,3.4,0.3,173,160,122,,,,,,,,,,,,,46,6,-2,199705
6/1/1997,165,144,109,,,,125,107,153,,,,147,142,103,99,87,68,5.2,3.2,-0.7,177,154,128,,,,,,,,,,,,,44,20,0,199706
7/1/1997,171,146,115,,,,131,107,158,,,,152,138,111,108,76,71,5,3.1,0.2,177,163,126,,,,,,,,,,,,,49,26,3,199707
8/1/1997,160,142,108,,,,120,103,141,,,,155,147,111,104,88,69,3.8,3,0.2,162,164,123,,,,,,,,,,,,,38,25,5,199708
9/1/1997,167,146,113,,,,127,106,148,,,,160,144,111,111,83,69,4.5,2.9,-0.7,166,156,129,,,,,,,,,,,,,46,25,7,199709
10/1/1997,158,146,114,,,,129,106,140,,,,155,143,112,116,93,63,5.2,3.4,-1.6,164,162,136,,,,,,,,,,,,,39,26,11,199710
11/1/1997,163,148,124,,,,133,106,151,,,,154,143,117,99,95,71,4.9,3.4,0.6,175,168,140,,,,,,,,,,,,,45,30,1,199711
12/1/1997,166,149,106,,,,127,104,143,,,,156,146,109,117,99,66,5.3,3.3,0.2,175,167,122,,,,26.3,22.8,6.6,,,,49.8,41.9,21.5,48,27,9,199712
1/1/1998,171,148,113,,,,119,110,147,,,,166,149,109,118,85,86,5.5,2.7,0.3,184,155,132,,,,22.2,19,5.2,,,,56.8,39,18.9,47,16,8,199801
2/1/1998,170,163,134,,,,143,125,160,,,,159,151,126,116,94,87,5.4,3.4,0.5,177,168,140,,,,21.4,22.6,7.1,,,,53.9,44.9,26.8,47,32,14,199802
3/1/1998,161,149,111,,,,129,108,151,,,,143,145,111,106,93,71,4.8,2.8,-1.7,166,158,137,,,,22.9,23.6,2.6,,,,52.3,44,21.7,45,29,10,199803
4/1/1998,166,153,129,,,,132,122,142,,,,160,143,113,109,99,78,4.5,3.1,0.3,174,157,129,,,,20.9,19.3,7.1,,,,53.6,43.6,24,34,27,7,199804
5/1/1998,167,146,113,,,,131,106,154,,,,155,138,111,107,86,77,4.9,2.9,-0.6,167,158,134,,,,22.1,22.5,6.3,,,,48.5,43.3,23.9,50,25,4,199805
6/1/1998,162,155,114,,,,140,101,151,,,,147,142,117,111,95,77,4.1,3.2,-0.6,165,163,139,,,,21.8,21.1,5.3,,,,50.3,44.1,21.5,45,27,7,199806
7/1/1998,173,151,115,,,,131,110,159,,,,160,145,112,115,93,70,4.9,3.3,0.3,173,159,130,,,,19.6,22.7,7.6,,,,54.1,44.3,25.6,47,31,9,199807
8/1/1998,163,156,118,,,,137,112,151,,,,160,151,109,113,109,80,4.8,4.8,0.3,168,166,126,,,,21.1,22.3,8.5,,,,59.6,50.3,25.9,47,24,16,199808
9/1/1998,160,136,116,,,,123,113,144,,,,152,135,108,123,103,79,5,3.3,-0.8,178,160,124,,,,23.8,23.7,6,,,,55.2,45.2,23.5,47,16,7,199809
10/1/1998,162,147,119,,,,133,112,149,,,,156,136,111,109,92,76,4.9,3.3,0.2,175,162,120,,,,20.4,22.7,7,,,,55.1,40.3,26.2,46,31,7,199810
11/1/1998,172,142,106,,,,130,107,156,,,,158,136,101,113,88,71,5.2,3.5,0.3,177,165,132,,,,22,23.9,5.9,,,,52.1,44.1,26,50,30,9,199811
12/1/1998,156,150,112,,,,133,111,140,,,,153,140,107,98,98,64,3.6,3.9,0.3,169,175,126,,,,18.7,21.5,8.4,,,,52.6,47.4,25.8,37,28,15,199812
1/1/1999,157,158,108,,,,146,103,147,,,,151,140,105,112,98,66,4.3,3.3,0.3,162,160,127,,,,21.1,22.5,6.7,,,,54.8,48,23.1,44,38,9,199901
2/1/1999,163,157,115,,,,140,110,150,,,,153,149,112,112,104,73,4.5,4.4,0.3,166,166,131,,,,20.8,21.6,5.3,,,,52.4,49,22.1,43,29,4,199902
3/1/1999,168,144,119,,,,128,112,154,,,,156,138,108,124,101,67,5.1,3.1,0.3,177,154,130,,,,20.3,21,8.3,,,,55.6,46.4,29.3,56,24,8,199903
4/1/1999,159,161,104,,,,148,100,148,,,,158,145,106,112,82,62,4.9,3.2,0.3,174,160,126,,,,20.6,27.7,8.5,,,,52.7,44.9,24.6,42,40,5,199904
5/1/1999,161,151,118,,,,137,111,148,,,,156,137,112,117,87,75,5.3,3.1,0.3,179,160,131,,,,23.8,22.2,9,,,,51.1,43.7,29.8,43,30,11,199905
6/1/1999,156,149,115,,,,136,118,144,,,,151,141,106,110,94,67,5.2,3.4,0.4,174,167,134,,,,23.1,21,6.6,,,,53.5,44.3,21,42,26,10,199906
7/1/1999,158,156,121,,,,140,109,145,,,,149,144,112,113,99,78,4.9,3.6,0.3,170,173,132,,,,24.5,22.1,13.8,,,,51.1,47.8,29.2,43,36,2,199907
8/1/1999,173,149,113,,,,136,101,156,,,,157,142,114,107,84,69,5.3,4.2,0.4,177,162,139,,,,20.3,21.8,8.7,,,,49,45.1,26.9,53,38,6,199908
9/1/1999,167,152,110,,,,140,102,152,,,,157,140,109,101,102,76,5.1,3.5,0.3,180,166,126,,,,24,19.2,7.1,,,,51.3,47.1,25.9,45,30,7,199909
10/1/1999,160,150,110,,,,138,93,146,,,,147,135,117,111,94,70,4.9,4.1,0.4,176,170,130,,,,21.1,21.1,6.3,,,,54.4,44.4,22.1,44,33,-3,199910
11/1/1999,171,153,124,,,,141,117,155,,,,153,142,120,119,96,77,4.9,3.6,-0.7,173,166,136,,,,22.8,21.7,5.8,,,,52.3,47.2,28.1,59,28,14,199911
12/1/1999,163,148,117,,,,137,111,152,,,,149,135,113,111,92,77,4.9,3.1,-1.5,180,154,140,,,,18.3,21.4,6.4,,,,53.8,43.5,26.7,48,31,8,199912
1/1/2000,169,156,131,,,,138,119,152,,,,158,145,121,122,96,82,5.1,3.3,0.4,170,164,134,,,,20.9,20,5.4,,,,52.4,45,30.3,53,30,14,200001
2/1/2000,170,151,121,,,,135,114,151,,,,155,143,120,117,98,75,5.2,4.2,-0.6,171,166,140,,,,20.7,20.6,13,,,,55.1,50.4,31.6,56,31,18,200002
3/1/2000,169,155,109,,,,144,104,156,,,,157,143,108,107,98,67,5.7,3.7,0.4,180,160,134,,,,21.4,21.6,6.5,,,,54.9,46.3,23.3,58,35,4,200003
4/1/2000,159,155,114,,,,142,105,143,,,,155,143,110,121,98,71,4.7,3.6,0.4,172,160,135,,,,19.5,19.5,8.5,,,,54.1,45.7,27.3,42,36,4,200004
5/1/2000,175,162,117,,,,147,108,163,,,,149,143,118,108,104,74,4.8,3.5,0.5,176,164,136,,,,19.8,20,6.2,,,,55.2,44.2,27.4,54,43,10,200005
6/1/2000,164,143,123,,,,129,111,151,,,,156,135,125,107,90,76,5.4,3,0.4,180,164,136,,,,17.6,24.5,8.8,,,,50.4,45,26.6,44,27,4,200006
7/1/2000,163,158,111,,,,142,100,147,,,,153,149,112,119,94,67,5.6,3.6,0.2,177,164,121,,,,22.3,25.3,6.6,,,,55.4,47,21,35,37,1,200007
8/1/2000,162,150,114,,,,129,101,150,,,,153,146,118,121,100,76,5.3,3.6,0.4,176,164,133,,,,21.9,21.7,6.9,,,,54.6,47.3,25.2,43,25,3,200008
9/1/2000,164,144,100,,,,137,96,140,,,,165,134,106,113,90,75,5.3,4.4,0.5,173,168,138,,,,21.6,23.6,5.8,,,,54.5,43.1,24.6,37,32,6,200009
10/1/2000,165,148,104,,,,137,100,154,,,,147,140,109,107,92,71,4.8,3.7,0.4,172,164,129,,,,19.6,19.5,9.7,,,,48,46.4,25.3,46,28,1,200010
11/1/2000,173,160,114,,,,145,99,159,,,,156,144,115,110,100,65,4.9,3.8,0.6,176,173,132,,,,20.4,21.9,6.6,,,,55.7,47,28.1,52,34,2,200011
12/1/2000,159,139,116,,,,123,111,147,,,,150,134,112,113,91,84,5.3,3.4,0.4,174,158,135,,,,18.7,22.3,5.8,,,,55.9,45.7,26,45,21,5,200012
1/1/2001,148,138,104,,,,124,106,141,,,,139,132,105,109,96,69,4.6,3.3,0.4,165,169,130,,,,19.3,22.5,5.9,,,,54,43.2,25.8,35,28,7,200101
2/1/2001,157,143,108,,,,125,103,145,,,,146,138,107,118,99,71,5,4.6,0.3,174,166,126,,,,22.5,24.4,10.2,,,,52.5,47.1,24.9,44,29,5,200102
3/1/2001,160,141,99,,,,126,96,136,,,,156,135,105,100,95,66,5,3.5,0.4,168,165,127,,,,20.7,23.1,8,,,,53,45,24.3,36,23,8,200103
4/1/2001,158,133,97,,,,113,79,147,,,,148,138,117,100,91,72,5.5,2.9,0.1,171,153,115,,,,23.2,22.1,8.5,,,,52.5,41.1,26.3,43,14,-5,200104
5/1/2001,165,132,88,,,,119,78,148,,,,153,131,110,112,88,65,5.7,3.2,0.3,187,155,125,,,,20,21.9,11.9,,,,56.2,45.9,25.6,46,23,-8,200105
6/1/2001,156,131,105,,,,117,92,145,,,,130,134,112,105,89,70,4.5,3.2,0.3,155,160,125,,,,24.6,22,7.5,,,,50.6,44.4,27.7,43,16,-6,200106
7/1/2001,158,131,110,,,,110,97,144,,,,154,137,115,113,93,76,3.3,2.7,0.4,163,147,133,,,,27.1,22.4,11.1,,,,53.7,41.4,29.8,41,13,5,200107
8/1/2001,160,137,105,,,,114,101,145,,,,144,139,99,117,102,70,4.8,3.9,0.2,168,162,123,,,,25.1,24.4,5.6,,,,54,47.1,25.2,40,11,3,200108
9/1/2001,149,124,99,,,,109,93,129,,,,150,128,113,113,86,72,3.3,2.9,0.2,161,155,117,,,,22.8,26.6,9.1,,,,49.7,45.1,27.5,16,12,-4,200109
10/1/2001,152,127,91,,,,116,73,137,,,,140,132,115,107,92,75,4.6,2.7,0.1,168,155,113,,,,21.5,21.8,7.9,,,,48.7,44.8,26.5,29,12,-15,200110
11/1/2001,149,130,105,,,,106,94,126,,,,155,138,114,111,94,70,4.6,2.9,0.3,160,150,126,,,,25.8,24.7,8.3,,,,51.3,43.1,27.9,23,4,-8,200111
12/1/2001,152,132,107,,,,108,93,126,,,,154,141,120,115,97,81,4.9,3.3,0.6,164,160,126,,,,25.7,22.4,8.9,,,,50.8,45.7,31.6,29,10,-2,200112
1/1/2002,156,133,109,,,,103,93,123,,,,159,149,120,119,107,68,4.7,3.3,-0.6,165,152,131,,,,24.3,23.9,8.4,,,,58.5,52.7,28.4,23,8,0,200201
2/1/2002,154,126,111,,,,100,95,127,,,,150,142,120,115,98,71,5,3.6,0.4,179,160,130,,,,26.7,24.8,7.2,,,,52.1,48.6,30.7,29,1,-6,200202
3/1/2002,146,141,104,,,,120,93,127,,,,156,142,112,114,92,76,4.9,3.3,0.3,160,151,123,,,,25.5,24.2,7,,,,55.5,43.7,29.8,19,16,-2,200203
4/1/2002,165,136,103,,,,117,89,141,,,,157,140,110,111,97,76,4.8,3.2,-0.6,168,165,128,,,,26.6,24.8,7.9,,,,51.6,45.1,28.5,31,19,-13,200204
5/1/2002,152,138,100,,,,113,85,133,,,,154,142,115,109,93,72,4.5,3.7,0.3,170,155,124,,,,20.9,24.9,8.5,,,,53.1,46.3,25.2,24,7,-14,200205
6/1/2002,142,135,100,,,,109,82,119,,,,158,144,113,106,86,67,4.8,3.3,0.4,163,154,132,,,,27.4,24.4,11.2,64.4,57.7,34.2,53.4,46.5,26.9,13,1,-6,200206
7/1/2002,146,139,91,,,,115,83,123,,,,151,144,106,112,91,64,5.6,3.7,0.3,177,161,122,,,,27.6,26.4,8,68.5,55.8,32.9,55.1,47.7,27.8,13,8,-10,200207
8/1/2002,144,125,109,,,,109,96,127,,,,140,135,118,112,98,76,4.1,3.1,0.4,150,156,134,,,,30.4,24.6,8.6,60,56.2,34.2,54.3,41.5,26.1,20,11,3,200208
9/1/2002,145,136,89,,,,110,79,123,,,,143,146,102,107,99,64,4.8,3.4,0.4,167,165,127,,,,22.6,26.4,7.6,63.8,61.6,35.1,53.5,44.6,23,25,5,-3,200209
10/1/2002,158,126,85,,,,103,72,133,,,,151,142,106,117,93,63,5,3,0.3,175,150,119,,,,28.9,26.5,10.8,64,53.3,32.7,54.4,45.5,29.1,24,11,-9,200210
11/1/2002,147,123,86,,,,101,69,125,,,,145,135,109,110,95,73,4.7,3.2,0.4,162,158,128,,,,27.5,26.5,9.6,65.6,58.1,32.1,53.1,46,29.9,20,4,-14,200211
12/1/2002,163,136,84,,,,107,68,143,,,,148,149,108,104,93,81,5,3.4,0.3,169,156,118,,,,24.8,27.6,13.2,65.2,57.6,36.9,53.8,46.1,28.6,32,3,-6,200212
1/1/2003,147,130,93,,,,111,83,131,,,,143,133,105,106,96,68,5,3.2,0.4,160,150,126,,,,28.6,24,8.7,59.6,56.2,32.8,49.6,47.3,27.9,23,12,1,200301
2/1/2003,144,124,93,,,,103,89,116,,,,153,133,98,97,88,58,5.2,2.6,0.2,172,151,119,,,,28.3,28.1,9.7,63.2,52.2,28.5,52.4,44.7,23.8,15,-2,-2,200302
3/1/2003,155,125,71,,,,107,58,127,,,,159,134,97,103,94,65,4.8,3,0.3,164,152,118,,,,25.5,24.2,12.6,64.9,57.6,32.7,52.5,46,24.9,20,6,-15,200303
4/1/2003,159,131,96,,,,111,86,143,,,,152,136,111,114,93,68,5.2,2.7,0.3,167,151,125,,,,24.8,28.3,7.7,60.1,55.6,36.8,56.6,45,27.5,31,7,-10,200304
5/1/2003,156,129,93,,,,101,76,121,,,,170,141,114,124,89,70,5.2,2.8,0.2,177,151,119,,,,27.5,28,8.9,64.3,51.5,30.2,58.1,43.9,28.7,20,4,-11,200305
6/1/2003,143,134,97,,,,113,78,114,,,,152,143,116,97,94,74,4.8,3.3,0.2,167,161,116,,,,27.1,27.8,7.5,57,55.6,32.5,49.4,46.9,26.1,14,10,-11,200306
7/1/2003,145,136,104,,,,118,90,121,,,,146,140,122,110,88,78,5,3.4,0.6,163,158,129,,,,27,26.5,8.4,59.6,56.4,39.9,50.9,45.6,33.4,20,12,-6,200307
8/1/2003,147,131,89,,,,118,87,126,,,,144,136,98,111,94,65,4.9,3.3,0.3,177,146,123,,,,21.4,26,11.1,62.1,54.4,34.4,55,45.8,25.5,23,15,-5,200308
9/1/2003,161,129,90,,,,112,77,137,,,,159,136,111,120,92,62,5.4,3.1,-0.7,175,161,125,,,,27,27.3,9.2,66.4,53.2,34.4,53.2,43.7,26.3,28,15,-1,200309
10/1/2003,159,129,95,,,,115,87,135,,,,153,131,101,109,85,79,3.5,2.1,0.4,165,152,133,,,,28.9,26.6,7,63.1,51.8,36.4,51.9,43.1,27.8,29,14,-8,200310
11/1/2003,153,119,100,,,,104,93,135,,,,144,132,114,116,96,75,4.6,3,0.4,169,155,131,,,,28.2,27.8,10.4,67.4,59.8,36.3,53.6,46.7,28.2,25,2,-1,200311
12/1/2003,130,126,94,,,,111,90,115,,,,136,131,100,106,86,67,4.8,3.3,0.3,163,164,128,,,,31.2,31.9,11.1,54.7,59.1,38.5,49.9,40.8,27.8,12,9,-2,200312
1/1/2004,159,148,104,,,,129,92,141,,,,155,146,113,113,98,77,4.6,3,0.4,164,155,136,,,,29.2,28.7,8.4,60.4,59.6,36.7,48.1,46.6,26.8,32,28,-10,200401
2/1/2004,156,131,101,,,,109,93,144,,,,145,143,100,105,97,58,5.1,3.1,0.4,163,156,131,,,,29.6,25.4,8.4,69.2,56.7,33.5,55.9,44.9,24,41,12,-1,200402
3/1/2004,152,142,105,,,,120,94,130,,,,150,143,113,115,93,64,5,3.1,-0.5,169,165,138,,,,23.5,27,10.1,66.7,59.1,36.4,50.5,44.2,27.8,24,17,0,200403
4/1/2004,163,132,105,,,,118,92,136,,,,161,133,112,119,77,63,4.9,2.5,0.3,169,145,121,,,,28.3,27.5,10.7,67.8,50.5,33.7,52.5,40.4,29.2,26,11,-9,200404
5/1/2004,157,120,106,,,,112,99,135,,,,153,123,109,111,80,61,4.5,2.9,0.5,170,158,132,,,,31.4,28.5,9.5,72.4,60.4,39.8,53.1,41.9,27.7,20,14,3,200405
6/1/2004,149,139,95,,,,119,93,134,,,,144,144,105,99,90,65,4.8,3.4,0.4,166,164,131,,,,22.9,28.6,11.3,64.7,63.5,38.6,54,46.5,25.3,34,16,1,200406
7/1/2004,157,142,102,,,,123,92,139,,,,157,147,106,108,92,63,4.7,2.8,0.7,169,158,134,,,,27.3,26.2,11,62.2,59,36.5,52.4,46.3,26.8,34,19,1,200407
8/1/2004,169,140,105,,,,124,98,152,,,,155,136,114,114,85,61,5,3.2,0.5,168,159,139,,,,21.5,25.2,6.5,67.9,58.7,38.7,55,44,25.2,47,19,2,200408
9/1/2004,151,135,101,,,,119,91,141,,,,134,140,110,99,87,66,4.8,2.7,0.6,169,155,135,,,,25.5,23.4,8.5,64.5,56.7,38.6,52.7,44,27.9,34,24,-8,200409
10/1/2004,146,128,101,,,,119,91,132,,,,139,128,117,96,80,68,4.2,2.9,0.3,169,157,124,,,,31.1,27.4,13,66.5,56.7,34.8,49,40.6,29.6,36,20,-2,200410
11/1/2004,149,131,96,,,,114,100,134,,,,150,132,100,116,82,63,4.6,3.2,0.4,169,165,131,,,,26.7,23.6,9.5,66.3,64.5,36.5,58.3,46.2,25.6,38,13,0,200411
12/1/2004,133,141,102,,,,122,100,113,,,,144,140,108,116,96,64,5.1,3.5,0.3,178,171,126,,,,20.7,24,7.6,68,63,36.2,55.4,45.3,26.9,7,23,-1,200412
1/1/2005,166,140,112,,,,122,109,146,,,,156,142,109,110,91,59,4.8,3.3,0.5,183,168,137,,,,24.7,23.5,8.4,66,58.9,39,53.4,44.5,27.5,45,14,11,200501
2/1/2005,167,137,105,,,,129,95,152,,,,147,125,117,110,86,69,4.7,3.2,0.3,168,160,125,,,,26.4,24.8,6.3,62.7,58.5,34.7,54.5,44.7,25,41,23,-3,200502
3/1/2005,171,133,103,,,,119,98,147,,,,162,135,106,107,87,62,4.9,2.6,0.4,185,154,126,,,,19.8,28.3,8.5,69.1,57.3,32,51.6,44.9,26.1,36,13,-1,200503
4/1/2005,154,129,94,,,,119,91,137,,,,136,126,106,86,83,59,3.8,2.9,0.3,162,153,126,,,,26.7,29.6,10.6,60.5,55.2,33.8,46.2,40.3,26.8,21,19,4,200504
5/1/2005,142,126,96,,,,111,96,127,,,,143,131,96,105,82,56,4.8,2.7,0.3,171,158,126,,,,25.3,23.9,10.9,69.1,57,35.1,58.5,39.8,21.9,33,16,-9,200505
6/1/2005,166,144,96,,,,125,97,151,,,,157,138,97,105,90,50,3.4,2.9,0.1,162,166,114,,,,27.7,22,9.8,69.6,65.1,30.2,47.7,43.8,24.9,36,23,3,200506
7/1/2005,166,141,110,,,,128,100,149,,,,151,139,115,102,90,63,4.4,3.4,0.4,159,162,134,,,,24.4,23.3,8.8,64,60.2,35,55.1,45.8,27.1,44,25,9,200507
8/1/2005,155,133,99,,,,124,98,137,,,,146,126,102,107,84,53,3.4,2.9,0.2,172,156,118,,,,23.9,25.5,8.2,64.9,57.4,33,54.2,40.8,20.9,24,16,4,200508
9/1/2005,144,124,84,,,,116,83,119,,,,152,124,90,99,89,53,5.7,3.3,0.3,169,160,119,,,,24,24.2,10.8,57.6,58.9,35.1,46.7,45.3,25.1,16,22,4,200509
10/1/2005,127,118,82,,,,104,76,119,,,,123,117,100,82,72,66,3.4,3,0.4,157,153,139,,,,24.6,24.1,6.5,55.2,59.5,35.4,44.3,39,23.8,26,7,-2,200510
11/1/2005,151,119,75,,,,112,70,139,,,,140,121,94,99,79,56,3,2.9,0.4,171,156,126,,,,20.7,23.8,10.4,68.3,57.5,35.3,51.3,43.1,23.8,44,23,-11,200511
12/1/2005,170,139,102,,,,118,97,157,,,,146,143,104,110,94,59,5,3.3,0.5,178,173,131,,,,21,20.5,10.7,68.4,65.3,37.8,50.9,43.4,24.6,48,17,3,200512
1/1/2006,161,128,101,,,,120,105,139,,,,146,127,100,98,82,59,4.3,2.7,0.5,177,158,128,,,,25.3,24.2,8.8,62.4,53,38.3,46.7,42.9,25.1,34,17,3,200601
2/1/2006,157,131,90,,,,120,87,147,,,,144,131,101,111,79,56,4.7,2.7,0.3,170,153,125,,,,27.8,24.7,12.5,64.4,55.4,35.4,47.2,38.7,23.7,41,22,-7,200602
3/1/2006,165,140,97,,,,128,93,153,,,,151,132,102,96,91,55,3.3,3.1,0.4,157,156,130,,,,19.1,22,7.5,61.7,60.3,32.9,53.8,45.2,22.8,53,33,3,200603
4/1/2006,165,139,96,,,,129,94,143,,,,151,135,100,93,90,70,3.9,3.3,0.3,169,169,127,,,,29.8,23.9,8.3,57.3,56.9,32.1,44,42,24.1,38,20,5,200604
5/1/2006,143,116,81,,,,112,79,121,,,,142,113,93,82,78,63,2.6,2.5,-0.5,159,149,132,,,,28,25,10.1,51.2,55.4,35,40.8,39.3,26,16,16,0,200605
6/1/2006,146,133,99,,,,120,97,131,,,,140,131,101,95,80,56,4.9,3.1,0.3,175,159,124,,,,18.3,25.3,6.5,68.9,58.2,36.7,45.5,41,25.6,29,25,2,200606
7/1/2006,163,121,94,,,,107,93,149,,,,155,126,103,115,85,61,5.4,2.7,0.2,174,152,119,,,,19.1,23.3,8.6,62.7,56.2,35,50.3,42.4,23.6,38,4,7,200607
8/1/2006,153,126,87,,,,113,89,146,,,,132,123,91,102,90,61,4.2,3.1,0.3,160,167,128,,,,17.1,19.7,9.3,63.7,60,34.2,49,42.1,23.9,49,12,-6,200608
9/1/2006,150,115,94,,,,102,86,128,,,,156,128,102,96,90,66,3.3,2.8,0.5,156,154,135,,,,27.9,24.4,9.5,58.9,57.9,40.9,49.2,42.8,26.3,34,13,-7,200609
10/1/2006,146,141,106,,,,128,103,132,,,,155,141,107,104,102,72,4.5,3.4,0.5,175,169,132,,,,27.2,22.1,7.2,68.1,61,40.6,52.8,47.2,29.3,33,27,9,200610
11/1/2006,150,131,111,,,,116,112,143,,,,145,135,106,105,91,62,5.2,3.1,0.7,176,160,128,,,,30.1,23.2,7.9,62.9,59.5,37.5,55.5,43.5,26.1,47,17,11,200611
12/1/2006,147,137,113,,,,124,110,130,,,,142,133,108,111,88,72,4.7,3.1,1.5,163,157,135,,,,28.8,22.1,7,67.8,60,37.8,52.7,46.2,31.5,29,20,11,200612
1/1/2007,158,144,112,,,,130,107,139,,,,149,131,112,111,89,66,4.6,3,0.5,170,163,140,,,,21.6,21.9,8.7,62.2,58.5,42.3,48.3,45.8,25.6,25,16,5,200701
2/1/2007,156,146,99,,,,130,98,141,,,,135,135,105,106,97,59,3.5,3.8,0.3,164,167,128,,,,21.6,19.4,8.3,67.8,62.1,31,49.2,45.9,24.4,28,20,-1,200702
3/1/2007,157,125,109,,,,105,102,147,,,,151,133,110,99,91,61,4.8,3.1,0.7,184,158,134,,,,23.2,24.6,10.2,65.7,59.2,40.2,48.7,44.2,27.6,48,2,0,200703
4/1/2007,162,141,101,,,,125,98,150,,,,155,140,101,105,80,66,3.9,3,0.4,172,167,127,,,,24.4,17.4,7.2,71.1,60.2,36.8,52.2,42.1,27.5,48,22,4,200704
5/1/2007,160,127,104,,,,114,100,134,,,,147,134,103,103,83,56,3.8,3.2,0.3,161,159,126,,,,24.3,17.5,9.5,67.6,59.7,37.1,47.9,43.9,25.2,34,15,9,200705
6/1/2007,147,124,93,,,,112,94,145,,,,139,129,95,90,79,59,3.8,2.9,0.4,174,152,125,,,,24,25.9,8.9,63.8,59.1,34.2,48.6,41.6,24.9,42,9,-2,200706
7/1/2007,154,127,112,,,,116,104,134,,,,151,127,112,88,87,61,4.9,3.2,0.5,156,162,136,,,,23.9,23.7,7.4,67.3,59.7,40.6,53.9,42.3,27.4,31,22,2,200707
8/1/2007,147,126,91,,,,106,85,138,,,,140,134,99,91,84,55,4.6,3.2,0.7,162,157,132,,,,28,24.6,10.1,60.4,55.7,37.5,50.9,44.4,26.2,45,14,-1,200708
9/1/2007,149,125,100,,,,112,95,145,,,,141,127,104,87,81,57,3.9,2.8,0.4,171,158,132,,,,17.8,24.4,8.2,60.9,57.5,44.3,47,40,26,32,10,-2,200709
10/1/2007,161,122,98,,,,114,94,149,,,,147,125,101,94,84,59,4.8,2.8,0.4,183,155,130,,,,23.8,23.3,8,73.9,58.1,39.2,51.6,40.2,25.8,35,17,-5,200710
11/1/2007,147,116,87,,,,105,84,125,,,,137,125,95,94,92,66,3,3,1.5,161,154,136,,,,18.7,21.3,8.5,64.3,59.7,40,48.5,41.9,26.5,30,15,-3,200711
12/1/2007,140,120,77,,,,104,82,123,,,,135,127,89,98,79,57,4.1,3.1,0.5,175,156,133,,,,22.3,25.9,10.2,68.5,58.1,37,47.4,42.1,21.6,21,8,-2,200712
1/1/2008,136,115,92,,,,103,86,116,,,,142,121,101,108,80,66,3.5,2.9,0.9,160,157,132,,,,21.5,23.9,9.1,65.6,58.3,37.1,48.9,43.1,23.3,21,13,-7,200801
2/1/2008,136,108,83,,,,97,78,125,,,,135,120,95,89,80,50,3.9,2.9,0.3,173,146,118,,,,20.6,25,12.3,62.6,53.4,30.9,48.8,39.5,23.7,29,6,-3,200802
3/1/2008,151,110,80,,,,97,74,135,,,,133,120,95,94,83,51,3.9,2.9,0.9,178,150,139,,,,16.8,25.3,9.7,68.7,53.1,34.9,51.5,41.6,20.1,41,8,-1,200803
4/1/2008,123,96,71,,,,89,72,117,,,,123,107,85,90,59,54,3.5,1.9,0.2,152,145,114,,,,23.5,27.3,8.7,61.3,52.5,30.1,47.1,38.5,21.6,13,3,-7,200804
5/1/2008,129,85,70,,,,83,67,108,,,,128,98,85,85,67,57,4.6,2.6,0.3,162,145,121,,,,28.4,20.8,9.3,60.3,53.2,32.7,44.7,38.3,24.2,11,-5,-6,200805
6/1/2008,100,86,56,,,,75,53,91,,,,115,107,78,58,61,44,3.1,3.4,0.2,149,155,114,,,,27.2,28.3,8.1,55.2,59,33.4,43.3,39.6,20.9,7,-5,-3,200806
7/1/2008,142,87,59,,,,75,52,124,,,,138,107,89,105,74,47,4.9,2.9,0.2,169,149,109,,,,19.4,22.4,9.4,65.4,51.4,29.1,51.2,37.7,20.8,43,2,-11,200807
8/1/2008,118,93,61,,,,83,52,103,,,,122,115,89,70,70,53,2.9,3.3,0.2,161,161,116,,,,26.2,24.7,8.9,64,60.1,33.3,37.7,39.6,25.2,18,-1,-13,200808
9/1/2008,116,109,88,,,,94,74,98,,,,137,128,104,101,70,61,4.9,2.8,-0.6,180,159,127,,,,23.8,21.2,11.5,65.8,60.5,41.9,49.3,39.7,24.4,11,15,-6,200809
10/1/2008,100,82,63,,,,59,55,75,,,,129,114,90,82,72,54,2.8,2.5,0.2,147,145,113,,,,30.9,25.3,8.5,54.6,51.8,31.6,39.6,38,23.1,-4,-20,-12,200810
11/1/2008,102,64,70,,,,54,58,77,,,,130,103,103,85,73,60,2.7,2,0.3,160,133,119,,,,28.2,28.6,10.8,54.1,47.9,36.1,43,39.6,25.2,-4,-23,-7,200811
12/1/2008,105,78,64,,,,64,50,84,,,,120,110,102,77,60,57,2.8,1.5,0.2,150,131,111,,,,30.3,24.9,12,52.8,46.5,29.4,41.3,36.8,22.4,-7,-21,-15,200812
1/1/2009,118,95,66,,,,77,54,96,,,,128,115,108,90,70,63,3.1,1.1,0.1,157,120,107,,,,19.8,26,13.5,54.7,45.3,32.5,43,39,24.1,4,-8,-11,200901
2/1/2009,111,78,67,,,,62,57,105,,,,124,105,95,97,69,63,3.8,1.4,0.1,142,129,107,,,,24.5,29.6,12.2,58.9,44.8,31.8,47.5,36.5,26.8,16,-18,-18,200902
3/1/2009,101,77,66,,,,64,55,86,,,,126,104,95,104,64,52,0.4,0.1,0.1,128,108,103,,,,36.2,32.3,11.5,46.6,39.2,29.2,42.6,33.9,27.7,-17,-26,-11,200903
4/1/2009,117,104,65,,,,79,53,96,,,,140,122,102,98,74,51,1.8,0.4,0.1,134,121,105,,,,28.2,27,11.2,54.7,44.3,26.6,51.7,38.3,21.3,-13,-12,-19,200904
5/1/2009,100,81,77,,,,58,62,70,,,,139,117,106,91,63,59,-0.1,0.4,0.1,97,118,105,,,,32.4,29,11.6,45.3,39.4,30.8,45.1,36.5,24.6,-37,-31,-13,200905
6/1/2009,118,93,82,,,,69,60,85,,,,138,126,112,84,71,54,3.5,1.6,0,143,131,103,,,,35.4,27.5,12,56.8,45.8,30.1,49.9,38.1,23.8,-8,-29,-16,200906
7/1/2009,99,94,72,,,,72,66,76,,,,130,121,94,83,70,57,0.4,0.9,0.1,117,124,102,,,,27.1,28.8,11.8,47.8,41.4,28.9,49.4,35.6,22.4,-16,-34,-12,200907
8/1/2009,108,78,68,,,,56,54,76,,,,132,116,99,98,76,49,3,1.4,0.1,141,133,103,,,,35.2,25.5,12.1,52.2,49,26.2,47,38.4,21.7,-10,-33,-13,200908
9/1/2009,111,90,79,,,,66,67,89,,,,132,126,101,108,77,55,2.5,0.7,-0.1,132,131,90,,,,28.3,30.5,11.8,48.5,46.2,28.7,48.5,38.2,25,-13,-27,-18,200909
10/1/2009,101,98,70,,,,77,63,69,,,,146,127,101,70,73,53,2.7,0.5,0,156,127,100,,,,28.1,26.1,9.8,57.9,46.5,25.6,43.1,37.9,23.3,-28,-23,-16,200910
11/1/2009,97,91,69,,,,69,58,62,,,,142,119,98,101,72,52,2.6,0.8,0,144,133,97,,,,30.7,27.2,10.8,52.5,44.3,25.7,48.9,36.9,22.1,-32,-36,-20,200911
12/1/2009,125,92,75,,,,70,65,99,,,,149,121,100,76,80,60,3.3,2,0.1,151,137,103,,,,30,28.1,10.5,54.3,49.7,29.8,41.6,41.9,24.5,-9,-23,-18,200912
1/1/2010,109,93,76,,,,77,76,80,,,,143,117,94,83,76,55,2.6,1.8,0,167,127,96,,,,23.4,29.9,11.4,58.3,46.7,24.6,44,41.6,23.1,-19,-27,-11,201001
2/1/2010,134,79,81,,,,64,72,110,,,,142,109,97,100,66,49,3,0.4,0,145,125,97,,,,27.7,27.6,13.6,59.4,43,26.9,52.2,34,22.6,9,-31,-13,201002
3/1/2010,138,94,82,,,,69,75,131,,,,127,123,100,104,78,52,2,1.7,0,142,138,97,,,,20.5,29.2,10.4,62.5,49.3,26.7,49,39.4,21.6,4,-33,-15,201003
4/1/2010,111,96,79,,,,76,74,87,,,,128,120,93,72,79,53,1.4,1.6,0.1,143,128,105,,,,36.4,29.3,11,53.4,45.6,25.8,38.6,39.2,24,-16,-22,-17,201004
5/1/2010,129,96,71,,,,78,68,98,,,,147,115,91,109,62,51,3.3,0.3,0.1,150,119,108,,,,26.7,28.2,11.9,53,41.3,25.1,50.6,35.1,21.3,-8,-18,-19,201005
6/1/2010,122,109,79,,,,88,72,98,,,,143,128,99,88,82,50,3.5,1.7,0,153,141,101,,,,24.2,28.2,9.5,47.8,48.7,24.1,41.5,38.6,21.6,-7,-17,-18,201006
7/1/2010,138,99,71,,,,75,66,113,,,,141,122,91,84,72,47,1.5,1.4,0,156,134,97,,,,22.5,24.6,13.3,50.8,47.2,22.7,41.7,39.3,20.5,16,-21,-20,201007
8/1/2010,137,95,72,,,,86,67,116,,,,143,110,92,96,66,53,2.2,0.8,0.1,143,134,105,,,,25.5,24.8,12.5,53.1,42,27.2,48.3,36.7,24.6,13,-20,-21,201008
9/1/2010,136,105,71,,,,88,64,136,,,,122,123,92,83,77,56,2.2,1.8,0,150,144,103,,,,23.5,26,12.3,51.1,53.6,28.4,39.6,41.1,21.2,19,-13,-17,201009
10/1/2010,122,101,75,,,,83,67,111,,,,127,116,100,89,72,56,4.9,1.7,0,168,137,96,,,,23.2,25.9,11.4,51.9,47.9,24,45.4,38.4,21.2,8,-5,-19,201010
11/1/2010,113,106,73,,,,91,68,100,,,,128,122,93,108,72,56,3.1,1.5,0,154,137,101,,,,31.5,27.5,12,65,48.2,25.7,49.1,37.4,23.7,5,-10,-19,201011
12/1/2010,135,102,80,,,,84,72,103,,,,143,119,98,93,71,51,3.8,2.5,0,163,149,99,,,,27.9,25.4,12.3,52.8,53.5,26.5,47,37.7,22.8,3,-22,-14,201012
1/1/2011,129,102,86,,,,83,79,111,,,,137,120,97,91,65,48,3.6,0.4,0,166,124,101,,,,34.2,27.6,10.7,58.9,44.4,25.3,44.1,36.5,22.5,11,-15,-9,201101
2/1/2011,137,114,86,,,,103,76,116,,,,134,117,106,79,65,50,1.7,1.2,0,142,133,96,,,,25.7,26.3,12.9,48.6,45,25.1,45,34.7,21.2,5,-1,-18,201102
3/1/2011,129,104,66,,,,91,63,118,,,,129,117,87,92,63,46,1,1,0,137,134,92,,,,26.7,29.7,9.9,54.2,46,26,41.6,33.8,20.4,11,-8,-14,201103
4/1/2011,129,106,67,,,,88,67,106,,,,135,115,85,88,65,45,4.6,1.6,-0.1,162,140,92,,,,28.8,26.4,11.8,56.2,48.9,23.6,50.3,37.7,18.3,9,-13,-18,201104
5/1/2011,129,111,71,,,,97,69,97,,,,141,122,85,94,58,44,2.4,2.2,-0.1,150,143,95,,,,22.4,27.5,11.1,58.7,47.8,27.3,46.1,32,23.7,15,1,-9,201105
6/1/2011,128,105,82,,,,87,74,114,,,,131,119,94,75,58,49,2.8,0.5,0,144,126,103,,,,25.7,28.8,14,47.5,45.8,26.7,44.2,33.5,22.8,3,-9,-11,201106
7/1/2011,93,99,75,103,119,65,87,68,90,150,139,106,107,113,94,83,76,53,1.5,0.9,0,127,135,101,127,133,77,30.5,26,12.7,49.5,45.5,28.3,41,37.1,21.5,6,-17,-13,201107
8/1/2011,127,84,61,109,101,82,71,58,103,170,132,92,145,111,80,100,66,46,4.7,0.5,-0.1,155,128,90,139,117,86,21.7,23.4,13,60.5,43.6,23.2,50.2,36.9,24.5,0,-19,-23,201108
9/1/2011,118,102,64,123,97,65,91,57,118,164,137,102,129,112,92,69,63,43,1.9,0.8,0,133,128,98,145,114,81,22.4,25.5,10.6,45.6,45.3,24.4,36.6,33.8,20.4,21,-8,-17,201109
10/1/2011,145,95,61,134,107,60,87,57,126,166,139,102,137,109,88,76,73,45,2.7,0.4,0,153,126,96,158,124,74,33.8,28.8,12.1,59.2,46.1,26.8,46.6,37.7,21.3,13,-7,-24,201110
11/1/2011,139,99,72,139,90,74,89,64,129,145,147,106,119,114,98,71,71,48,1.5,0.5,0.2,152,130,113,155,120,88,26.8,25.8,10.6,51.1,42.9,31,38.3,35.7,24,32,-6,-14,201111
12/1/2011,121,97,77,97,93,72,82,68,105,164,143,101,123,117,99,67,69,49,1.1,0.7,0.2,138,135,114,131,117,83,31.8,24.1,12.5,43.1,40.9,32.2,41.7,36.3,23.1,7,-22,-17,201112
1/1/2012,119,113,84,115,99,69,98,76,112,165,149,108,119,120,105,73,65,54,0.8,0.8,0.3,131,134,122,146,130,85,36.8,25.3,10.6,42.3,45.2,34.2,39.4,37.1,26.4,0,-2,-10,201201
2/1/2012,135,115,75,126,102,69,97,71,124,171,140,98,124,123,95,88,66,53,2.9,0.8,0.1,165,129,109,150,120,78,32.8,25.7,10.5,61.5,44.3,28.9,44.6,31.7,20.4,23,-10,-16,201202
3/1/2012,142,124,87,123,95,81,111,78,135,177,151,104,126,124,99,90,74,48,3.9,2.2,0.2,158,143,110,155,126,91,24.8,22.6,11.4,50.7,52,29.9,46.3,41.3,23.9,32,9,-7,201203
4/1/2012,126,103,86,126,103,69,88,84,109,163,151,90,126,127,92,86,68,46,1,1.3,0.1,143,141,112,146,129,74,31.2,24.3,10,50.5,45.1,27.4,45.2,36.6,20.3,3,-9,-3,201204
5/1/2012,142,122,86,148,104,78,110,77,116,171,147,103,152,123,98,110,76,50,2.6,2.2,0.1,174,138,105,168,128,91,23.8,23.2,12.9,57.3,50.3,25.1,44,40.4,23.4,0,9,-9,201205
6/1/2012,139,114,78,113,108,84,96,74,109,178,139,96,143,124,95,83,61,45,1.5,1.5,0.1,148,139,105,152,129,87,28,25.4,13.3,60,45.6,27.5,38.7,39.3,21.2,5,-16,-17,201206
7/1/2012,132,114,76,116,101,79,101,69,112,160,152,102,132,121,97,76,75,53,2,1.7,0.1,124,145,109,136,126,91,30.6,27.3,11,49.2,49.5,27,40,39.6,23,0,8,-17,201207
8/1/2012,140,113,79,113,96,75,98,77,127,158,146,95,144,120,93,103,64,46,3.4,1.9,0.1,169,139,110,141,122,84,24.1,25,9.8,55.8,45.9,30.5,48.8,33.9,21.7,16,-7,-9,201208
9/1/2012,108,118,89,96,109,88,107,79,84,171,142,111,143,115,105,95,59,52,3.1,0.5,0.2,164,133,114,135,129,98,26.3,24,10.6,58.7,48.6,29.3,42.7,34.9,25.5,-15,1,-12,201209
10/1/2012,154,121,92,141,101,77,108,85,137,166,148,107,142,129,104,101,73,44,3.5,2.3,0.2,159,151,118,162,127,90,28.4,26.3,11.6,63.4,55.6,31.1,47.6,40.7,24.7,44,14,-8,201210
11/1/2012,144,114,100,118,109,87,106,87,121,176,146,105,152,114,110,112,73,54,3.5,1.9,0.2,157,144,116,146,128,97,33.1,25.4,10.4,63.9,46.8,32.9,52.3,36.6,23.5,33,6,-11,201211
12/1/2012,139,105,81,163,104,73,99,80,120,177,132,88,149,110,88,97,69,44,2.2,2.1,0.2,153,140,114,173,117,78,24.2,24.1,12.3,59.3,47.8,30.3,51.1,36.5,19.9,19,-1,-7,201212
1/1/2013,129,108,79,123,113,78,95,76,97,173,140,96,149,117,92,100,73,50,4.5,0.9,0.1,168,133,111,152,135,84,32.1,26.1,12,56,48.5,30,46.3,42.8,23.3,17,-6,-14,201301
2/1/2013,137,109,88,135,85,78,86,84,114,166,144,95,133,123,92,96,63,43,2.9,2.7,0.1,148,144,106,151,114,84,25.8,23.5,10.9,59,48,30.7,45.7,37.4,24.6,24,-11,-7,201302
3/1/2013,143,104,86,138,113,86,95,83,132,173,137,96,131,118,97,102,73,52,4.9,0.5,0.1,168,128,112,153,128,88,26.2,26,10.4,68.8,44.2,28.2,52.2,36.7,22.5,20,1,-10,201303
4/1/2013,142,107,87,134,97,78,94,87,131,170,136,101,131,118,90,102,85,46,3.7,1.5,0.1,161,142,109,154,120,87,24.5,31.6,11.5,65.7,53.4,26.6,52,39.8,21.6,22,1,-7,201304
5/1/2013,140,119,100,131,112,97,109,97,127,171,143,103,147,116,103,96,76,50,4.6,1.8,0.1,162,142,106,156,134,104,28.3,27.2,12.4,61.3,47.9,28.7,54.9,36.4,24.8,22,3,1,201305
6/1/2013,145,122,90,145,112,81,112,82,132,169,145,99,142,125,102,110,77,49,3.6,2.1,0.1,150,151,113,161,130,86,22.1,27,11.1,60.5,50.4,27.3,51.3,40.2,23.3,37,11,-9,201306
7/1/2013,151,117,98,142,126,86,114,92,131,180,139,101,146,115,101,102,80,51,4.8,2.6,0.2,174,142,115,168,133,93,20.2,24.3,14.1,68.6,48.8,33,58.9,41.9,24.8,37,8,-4,201307
8/1/2013,149,121,91,138,102,90,107,86,133,162,144,104,143,130,100,110,70,51,4.6,1.8,0.2,155,140,116,155,125,95,26.1,25.7,12.4,56.2,45.7,32.3,50.1,37.1,24.7,27,2,-15,201308
9/1/2013,149,113,83,145,102,75,96,83,132,179,136,94,145,117,90,100,61,46,3.5,1,0.1,161,135,110,168,123,82,24.8,27.8,13,67.8,44.1,24.6,56.8,35.7,20.7,24,-6,-11,201309
10/1/2013,140,116,84,117,116,90,106,84,120,178,145,97,136,121,91,104,79,54,4.7,2.2,0.2,161,143,113,147,132,93,22.9,27,11.7,66.1,51.1,31.1,53.9,40.2,22.2,26,3,-4,201310
11/1/2013,126,106,83,133,112,87,89,84,114,164,138,93,133,114,90,84,74,50,2.6,0.8,0.2,158,137,114,154,126,92,25.6,26.2,11.1,62.3,46.8,32.3,47,36.4,23.3,5,-3,-8,201311
12/1/2013,153,117,82,151,125,82,108,82,141,158,137,95,138,121,92,109,78,45,3.4,2,0.2,155,151,115,158,133,86,21.9,25.4,10.8,63.8,53,33,55.7,39.1,24.5,36,-1,-9,201312
1/1/2014,157,121,97,163,115,97,99,95,138,166,141,103,142,125,99,112,82,55,4.7,1.6,0.2,161,137,114,172,133,100,22.6,22.3,9.9,67.1,52.9,34,51.1,40.6,25.9,44,-1,2,201401
2/1/2014,156,121,89,136,115,98,105,87,126,179,143,99,160,126,96,109,78,50,5,2,0.3,169,149,118,160,134,102,22.6,26.2,11.2,67.7,52,32.9,55.1,37.6,23.5,18,4,-7,201402
3/1/2014,152,123,85,140,112,82,110,81,131,170,153,95,150,132,93,101,73,47,3.2,2.1,0.2,161,150,114,155,131,89,24.2,24.5,14.5,62.6,53.7,32.5,44.2,37.2,24.9,31,1,-14,201403
4/1/2014,159,112,104,143,115,99,102,100,144,164,143,93,155,119,99,93,68,52,4.8,1.3,0.2,169,138,114,160,131,98,25.8,28.8,11.2,68.6,53.2,32.2,52.5,41.8,22.9,34,0,-1,201404
5/1/2014,133,120,88,158,127,96,113,89,121,170,152,90,132,120,92,103,68,48,3.4,1.3,0.2,156,144,115,168,145,96,24.2,24.1,10.4,60.6,49,31.5,53.1,35.2,21.3,18,10,-4,201405
6/1/2014,157,135,89,132,113,84,123,89,145,169,146,98,142,125,92,109,77,54,4.7,2.2,0.2,163,149,119,157,136,89,30.1,28.7,13.2,64.7,47.7,36.1,60.9,38.3,25.4,39,15,-10,201406
7/1/2014,144,127,91,146,106,93,117,92,128,168,142,95,141,125,95,108,73,52,5,1.2,0.2,163,136,112,163,128,94,24.4,24.3,14.4,66.7,54.6,32.9,54,37.7,25,30,12,-3,201407
8/1/2014,146,132,100,142,115,104,118,101,135,164,145,106,135,131,100,93,78,49,3,1.6,0.2,163,139,112,161,131,109,21.7,23.9,11.5,64.7,53.4,32,48.7,37.8,25.3,24,13,2,201408
9/1/2014,154,126,90,143,114,78,117,83,147,180,149,101,136,129,98,115,77,49,4.6,2,0.2,163,154,117,163,137,90,23.2,24.4,12.3,60.5,56.7,35.8,54.8,39,23.2,36,7,-9,201409
10/1/2014,160,125,99,152,122,95,103,91,146,177,143,108,152,131,104,107,70,50,4.9,1.6,0.3,164,137,123,167,138,100,24,26.2,11.1,67.6,50,34,54.4,35.8,23.4,48,6,-4,201410
11/1/2014,148,121,95,144,117,98,112,90,141,166,151,105,138,122,101,114,67,49,4.7,2.1,0.3,163,146,121,156,136,105,24.1,26.2,10,59.8,54.9,37.7,53.9,40.7,25,33,13,-10,201411
12/1/2014,159,135,99,159,134,107,117,94,151,176,160,104,145,136,104,98,93,60,4.9,2,0.4,175,160,132,174,155,108,25.7,22.8,16.3,64.7,55.3,38.8,54.3,43.4,26.2,40,14,-7,201412
1/1/2015,167,137,107,158,129,107,125,100,154,172,161,104,144,130,102,113,92,55,5.2,2.3,0.3,178,148,125,170,148,108,26,24.4,12.2,74.9,53.8,42.3,56.8,44.6,25.6,51,12,-2,201501
2/1/2015,166,142,103,152,131,109,131,98,153,179,158,106,152,137,104,102,84,53,4.7,1.6,0.2,167,150,119,169,148,112,26.2,25.5,9.6,60.7,56,36.6,53.8,41.7,27.4,46,21,-2,201502
3/1/2015,161,130,103,145,116,92,117,103,140,176,153,106,152,127,100,105,82,48,3.5,2.3,0.2,161,151,117,168,132,99,23.9,26.6,10.9,62.9,59.3,37.4,55.8,41.3,27.1,39,10,-5,201503
4/1/2015,159,138,107,150,138,98,125,101,146,161,158,106,142,133,105,112,92,53,4.5,2.8,0.1,166,151,109,161,157,102,27.6,24.7,11.9,68.9,55.7,34.9,55,47.6,25.1,41,10,1,201504
5/1/2015,156,129,95,156,140,96,119,87,140,174,156,104,141,134,104,103,85,55,4.9,2.6,0.2,170,151,114,176,152,105,25.5,29.6,13.3,62.7,53.5,34.1,56.7,42.5,24,47,7,-14,201505
6/1/2015,168,132,108,170,126,109,119,102,152,173,155,107,148,129,109,104,76,59,4.8,2.2,0.4,166,146,126,178,143,110,23.7,28.9,14.3,63.3,54,39.4,53.7,44.2,29.2,36,9,-3,201506
7/1/2015,160,131,96,150,128,99,121,93,150,170,151,102,140,133,103,101,90,56,3.3,2.8,0.3,160,151,126,163,141,103,25.3,24.2,11.5,63.6,55.6,39.4,55.9,45.1,27.3,39,15,-2,201507
8/1/2015,168,139,104,160,136,104,123,96,159,178,154,106,148,134,103,110,90,54,5.1,2,0.3,175,148,121,178,150,109,22.6,23.9,11.6,71.5,56,37,58.4,43.9,26,56,7,-2,201508
9/1/2015,154,130,90,149,133,89,115,87,144,165,151,105,138,135,99,102,85,45,3.2,2.8,0.1,152,164,110,162,149,98,25.2,29.2,15.1,61.2,57.1,34.4,52.8,44.2,26.8,39,14,-3,201509
10/1/2015,157,136,95,156,141,105,124,84,138,174,153,104,150,133,108,98,87,57,5.3,2.1,0.1,170,153,107,172,153,109,22.1,26.1,13.3,72.3,52.4,35.9,56.2,43.4,28.4,33,16,-7,201510
11/1/2015,158,129,92,154,131,98,115,88,141,175,146,97,145,133,99,109,87,54,3.8,2.2,0.3,177,147,121,170,141,100,21.3,21.8,14.6,64.9,55.7,32.8,53.8,41.9,30.4,28,9,-12,201511
12/1/2015,151,129,99,148,134,98,119,94,140,171,153,107,151,126,109,108,87,64,4.9,2.2,0.3,165,161,121,166,146,102,25.4,26.6,15.1,67.4,61.9,35.9,52.9,43,30.6,36,10,-2,201512
1/1/2016,163,126,94,153,124,103,116,84,148,176,151,105,153,129,104,119,95,52,5.5,2.5,0.1,163,149,104,170,141,109,27.6,24.8,12.4,64.9,52.8,34.1,58.9,44.4,27.9,49,15,-5,201601
2/1/2016,151,145,98,157,136,108,133,92,138,174,161,112,146,141,106,99,99,56,4.7,3.1,0.2,168,163,114,173,150,112,25.7,20.7,11.5,63.9,58.6,31.7,52.5,44.7,24.8,40,20,-6,201602
3/1/2016,164,149,95,157,141,101,133,87,156,173,152,112,143,144,106,110,91,60,4.8,2.7,0.1,170,160,115,170,149,108,25,22.4,11.8,67.5,57.7,30.7,53.8,45.1,23.7,57,18,-6,201603
4/1/2016,150,138,105,157,143,102,126,99,143,168,158,106,139,134,103,101,82,57,4.1,2.7,0.2,162,155,116,168,158,105,24.5,22.9,13.5,63.2,57,31.6,51.5,41,27.2,34,24,0,201604
5/1/2016,164,146,105,154,158,102,137,99,149,177,155,106,152,137,108,119,93,55,4.8,2.7,0.1,175,162,109,169,160,107,20.3,22.6,13,68.2,56.7,34.9,56,42.8,26.2,41,32,0,201605
6/1/2016,161,142,109,148,151,104,132,103,148,179,154,101,142,135,107,106,93,65,4.7,3,0.1,171,157,108,166,154,107,24.1,24.2,12.1,67.1,59.2,34.4,57.9,46.3,28,43,26,-1,201606
7/1/2016,171,144,96,154,127,92,127,93,160,175,149,102,149,137,105,99,90,54,3.9,2.7,0.3,168,151,120,169,141,100,24.1,20.9,13.5,63.9,59.3,34.1,50.1,42.6,26.7,47,20,-6,201607
8/1/2016,145,137,107,159,137,94,131,96,138,159,151,114,131,124,109,113,92,54,3,2.9,0.1,161,161,112,165,148,105,23.4,23.8,14.3,62.4,55,29.6,48.3,42,24.8,38,19,-2,201608
9/1/2016,161,131,106,156,127,101,116,98,135,175,154,109,156,133,106,116,98,62,4.8,3,0.3,171,157,119,172,147,107,28.4,25.6,14.7,66.6,55.5,31.4,58,44.9,26.3,20,7,-4,201609
10/1/2016,147,136,107,160,140,104,120,94,128,180,162,110,146,136,111,106,89,57,4.7,2.6,0.2,158,153,109,172,153,110,25.6,23.8,14.9,63.4,57,32.1,50.4,46.3,25.2,26,14,-3,201610
11/1/2016,152,135,103,156,142,95,124,94,144,175,145,118,143,133,110,115,102,63,4.8,2.9,0.3,165,153,123,168,153,107,22.5,24.7,13.5,66.4,53.4,34.3,55.2,44.6,27.2,40,14,-2,201611
12/1/2016,172,136,114,171,134,114,126,109,154,179,152,110,156,130,116,111,95,64,5,2.1,0.3,180,155,120,181,151,117,24,22.6,9,68,57.9,33.6,53.3,47.4,25.6,44,22,8,201612
1/1/2017,171,128,119,158,142,109,125,109,151,183,144,115,158,129,116,97,87,64,3.9,2.5,0.3,176,160,126,175,145,114,23.6,21.7,12,67.5,61.4,38,52.6,47.2,29.2,44,16,8,201701
2/1/2017,155,139,118,168,150,112,135,110,152,168,146,121,134,125,116,113,91,66,3.9,2.1,0.2,176,156,119,173,154,119,24.5,22.8,12.3,65.9,59.5,35.8,54.7,46.7,25,39,20,0,201702
3/1/2017,147,143,129,150,149,126,138,128,135,172,153,113,146,131,118,111,104,70,4.7,2.9,0.4,165,157,128,164,158,129,21.5,24.1,11.8,59,57.5,37.3,52,47.2,31.1,28,26,9,201703
4/1/2017,165,144,118,178,145,124,131,106,157,173,156,114,141,140,120,97,97,66,4.7,2.6,0.4,164,152,130,182,156,125,26.9,24.1,11.9,63.4,56.5,37.8,55.9,46,27.3,41,27,-2,201704
5/1/2017,157,147,116,168,148,115,131,111,147,173,157,106,144,139,112,109,113,70,5,2.8,0.3,170,159,125,177,160,115,25.8,22.4,10.8,67.3,60.1,32.5,57.8,51.6,25.3,41,23,4,201705
6/1/2017,164,147,120,169,141,112,136,116,146,172,159,107,151,141,112,115,98,61,5,2.7,0.3,177,154,121,177,156,114,28.1,20,11.1,66.4,58.7,34.3,55.4,49.1,27.4,41,26,10,201706
7/1/2017,162,150,114,156,149,116,145,110,154,167,159,103,134,133,108,103,106,58,4.7,2.8,0.3,167,161,125,167,160,112,24,22,10.9,68.8,62.8,36.3,50.6,50,27.6,49,36,15,201707
8/1/2017,161,139,128,156,142,128,125,123,148,177,150,117,151,137,121,120,90,65,4.8,2.8,0.4,174,154,129,172,149,126,25.2,22.8,11.5,70.1,57.5,37.3,56.7,47.2,28.4,35,25,14,201708
9/1/2017,164,140,120,170,150,122,129,116,152,175,153,118,146,139,121,104,93,71,4.6,2.8,0.3,169,156,119,181,161,124,22.5,22.8,11.1,65.3,57.5,38.5,51.6,47,27.9,56,20,9,201709
10/1/2017,166,147,129,169,157,128,136,122,156,175,159,119,145,139,120,113,96,72,4.9,2.7,0.6,174,157,134,175,163,127,22.8,26.9,9.4,72.9,59.8,43.5,59.5,47.9,33.3,43,26,10,201710
11/1/2017,158,150,116,153,154,126,135,110,146,179,156,111,150,142,113,113,115,64,5.2,2.8,0.3,180,162,125,172,163,126,22.8,22.7,11.8,69.1,63.7,40.1,54.7,51,30.8,41,22,3,201711
12/1/2017,155,140,118,170,144,123,135,114,140,176,152,104,150,130,112,113,93,63,5,2.5,0.3,180,154,120,177,153,117,22.9,24.8,12.1,70.2,63.3,38.2,60.3,47.4,28.2,42,33,14,201712
1/1/2018,154,142,121,163,146,112,127,115,146,176,162,113,141,142,118,104,96,66,3.7,2.7,0.4,166,152,123,177,158,117,22.5,23.8,11.1,66.6,57.4,38.6,54.4,50.3,32.2,36,14,9,201801
2/1/2018,150,149,131,157,148,135,135,130,135,170,164,115,143,147,119,104,102,78,4.8,2.6,0.4,171,161,131,168,159,132,26,19,8.8,69.9,62.6,42.3,55.5,48.9,30.1,33,25,17,201802
3/1/2018,168,154,135,166,156,139,147,132,154,172,153,116,152,137,118,113,99,61,3.5,2.6,0.4,165,157,126,176,161,136,23.7,20.9,8.9,63,60.3,40,54.2,49.8,28.4,43,45,20,201803
4/1/2018,162,151,123,165,155,127,138,118,151,173,155,109,144,143,114,106,102,66,4.5,2.8,0.4,166,163,124,175,161,127,23.4,23.3,9.4,66.9,62.2,40.4,52.1,45.7,29.4,45,31,10,201804
5/1/2018,162,149,115,169,148,123,140,114,149,170,156,114,156,136,110,107,98,68,4.6,2.9,0.4,163,157,132,179,157,121,24.6,22.7,12.3,65.5,62.8,35.7,60.7,48.8,27.5,55,30,10,201805
6/1/2018,160,151,122,164,154,123,144,121,152,163,151,111,141,139,112,111,96,62,5,3.1,0.4,167,165,127,167,159,120,28.8,21.8,10.1,67.9,61.2,39.7,55.4,48.8,29.2,46,39,13,201806
7/1/2018,160,146,128,172,155,132,134,127,144,173,159,112,154,146,113,119,92,71,5.4,3.2,0.3,172,162,125,176,165,133,24.5,23.8,10.6,71.5,62.3,38.3,59.5,49,30,39,27,19,201807
8/1/2018,158,152,117,157,154,131,142,115,151,170,162,109,146,145,112,105,99,67,4.9,3.2,0.3,171,168,126,168,162,127,25.7,19.1,10.3,66.7,65.9,38.8,52.9,50.2,29.4,45,37,11,201808
9/1/2018,166,146,131,175,152,140,130,129,154,181,156,116,148,144,123,110,100,75,3.9,2.4,0.5,174,149,131,183,159,134,21.6,22.3,8.5,70.3,59,39.9,55.6,45.2,30.2,56,25,20,201809
10/1/2018,150,146,127,150,150,138,135,123,140,170,152,124,141,140,120,105,100,67,3.5,3.2,0.4,163,163,129,163,155,140,26.4,18.8,8.7,61.3,62.9,40.2,53.3,47.5,30.7,34,29,12,201810
11/1/2018,162,142,124,152,140,132,133,120,150,170,156,110,141,136,117,103,105,70,4.6,3.3,0.5,164,167,137,166,153,126,27.1,22.1,8.4,65,62.5,44.5,49.8,48.8,32.1,42,31,9,201811
12/1/2018,154,147,128,152,149,129,133,124,146,166,153,114,132,145,117,104,97,77,3.4,2.7,1.6,169,163,147,167,159,130,27.3,21,11.4,67.5,65,43.8,55.3,51.3,31.2,44,26,14,201812
1/1/2019,166,138,117,165,151,127,127,113,153,173,155,114,161,137,113,123,98,75,5.4,2.3,0.7,178,151,134,174,161,130,21.6,23.3,9.2,71.8,56.5,40.3,56.8,46,33.9,52,26,6,201901
2/1/2019,151,149,119,162,153,121,139,110,131,179,161,113,154,143,116,125,97,74,5.1,3,0.2,175,159,120,171,163,124,28.1,20.5,8.4,71.6,61.5,35.2,61.1,48.3,28.6,36,35,9,201902
3/1/2019,171,150,128,156,159,135,143,127,157,181,159,115,162,134,115,122,112,74,6.7,3.2,0.4,179,168,130,172,166,133,20.4,23.8,8.3,72.8,64.8,37.7,60.7,51.1,30.9,55,37,20,201903
4/1/2019,158,150,133,152,146,134,134,124,146,170,163,128,147,145,124,114,99,70,4.5,3.1,0.4,161,165,129,166,161,141,26.1,19.1,11.6,68,65.9,42.5,52.6,47.1,35.7,40,32,6,201904
5/1/2019,159,138,134,170,135,132,126,132,149,170,157,119,153,144,118,109,100,69,4.3,2.7,0.5,159,161,132,177,149,133,22,20.6,9.5,67.9,58.5,44.8,55.9,44.4,31.9,51,25,17,201905
6/1/2019,164,145,125,155,144,131,135,120,147,176,162,122,160,137,121,109,94,72,5.1,2.3,0.5,171,153,131,172,159,132,20.1,26.6,12.1,72.1,59.3,40.5,56.2,46.9,30.6,51,30,11,201906
7/1/2019,160,152,126,153,157,132,139,121,142,167,159,112,152,144,124,123,100,72,5,3.2,0.6,173,165,136,165,165,126,20.9,22.1,11.8,71.8,67.6,43.8,58.8,51.8,33.3,32,31,13,201907
8/1/2019,157,134,112,167,147,125,129,115,147,179,153,105,142,132,107,118,87,67,3.8,2.8,0.3,171,156,122,176,154,121,23.5,21.7,12.7,69.9,59,39.1,52.5,46.8,31,48,30,14,201908
9/1/2019,162,149,116,162,149,120,138,116,152,172,157,112,143,143,111,109,104,71,4.6,3,0.4,167,159,127,175,157,121,23.8,19.2,10,67.8,63.9,38.8,54.1,50.3,28.8,44,26,8,201909
10/1/2019,172,152,123,164,152,129,139,117,159,179,162,120,154,145,118,118,108,82,5,2.9,0.5,176,158,134,175,161,132,25.4,21.6,9.9,72.4,62.5,43.5,61,49,32.7,58,37,13,201910
11/1/2019,172,146,125,158,146,126,142,118,159,177,151,121,153,133,120,116,107,74,5,3,0.8,175,158,139,172,151,132,27.1,20.9,10.2,72.3,59.6,45.4,60.7,47.8,31.7,53,38,16,201911
12/1/2019,151,151,133,161,160,135,145,129,143,172,158,119,150,138,118,112,96,80,4.9,2.7,1.1,168,167,143,173,167,136,23.8,23.1,12.8,67,63.9,40.2,57.1,50.6,32.4,46,34,14,201912
1/1/2020,171,146,131,163,152,142,126,128,160,180,162,115,152,143,118,120,92,72,5.1,2.6,0.9,175,157,138,179,162,140,24.8,20.4,10.5,71.1,58.8,45.2,58.3,47.3,31.9,60,19,5,202001
2/1/2020,153,157,133,159,159,132,154,130,141,166,158,117,138,145,121,105,105,81,3.2,2.9,0.7,160,159,138,166,164,132,23.2,20.6,9.2,65.6,63.7,45.2,53.9,50.1,33.3,43,48,14,202002
3/1/2020,156,140,115,167,157,130,135,115,146,178,155,117,145,131,111,105,113,73,4.6,2.9,0.4,172,157,127,176,163,131,24.3,23.1,10.4,71.2,59,39.8,54.9,50.7,33.8,38,37,14,202003
4/1/2020,149,122,105,171,145,122,105,93,130,175,157,131,140,128,118,118,98,73,4.4,-0.6,0.2,153,120,113,179,155,129,22,26.2,11.9,56,48.2,34,58.9,48.2,33.3,30,-1,-3,202004
5/1/2020,145,120,100,164,153,129,113,92,130,181,152,122,137,116,107,101,93,71,2.8,0.6,0.2,140,121,116,177,159,131,29.8,26.4,10.3,57.6,47.6,38.3,52.4,46,29.3,24,15,-1,202005
6/1/2020,146,128,116,166,145,129,109,102,130,183,164,127,143,140,119,106,96,70,3.2,1.5,0.3,145,134,122,180,156,131,28.2,26.1,13.1,61.9,51.4,36.4,54.8,48.2,28.9,20,4,-5,202006
7/1/2020,142,118,105,162,147,116,102,100,129,174,153,120,143,124,112,114,94,71,4.8,0.8,0.3,154,133,122,174,154,122,29.6,29.9,16,62.6,49.2,39.5,57.4,47.5,30.6,17,0,-2,202007
8/1/2020,140,127,107,162,143,121,110,96,123,180,164,117,138,132,117,109,102,65,4.6,2.7,0.2,162,146,117,176,155,122,26.4,25.6,15.3,58,61,36,57.4,50.1,31.9,26,10,-2,202008
9/1/2020,132,126,118,157,155,132,115,112,112,180,162,119,146,134,115,104,94,69,3.2,2.7,0.4,154,145,125,173,162,134,24.1,23,11.8,64,55.5,41.6,52.7,48.8,30.2,4,11,3,202009
10/1/2020,147,135,115,163,154,135,115,105,129,169,177,121,143,139,116,110,102,71,4.3,3.1,-0.6,167,150,129,173,172,138,24.9,22,10.4,65.6,59.2,43.1,56.3,57,34.9,25,15,-2,202010
11/1/2020,142,127,100,166,146,131,110,105,124,172,158,112,139,138,101,109,105,66,3.9,2.4,0.3,164,150,124,172,157,128,26.8,23.1,15.2,63.9,57.4,39.2,54.6,49.2,31.7,24,1,-4,202011
12/1/2020,156,128,110,172,147,130,113,106,130,184,155,114,153,123,106,104,93,63,5,2,0.4,172,146,125,184,156,129,26.2,24.7,14.5,65.6,57.3,39.9,54.8,49.9,30.8,25,7,-9,202012
1/1/2021,148,119,105,159,152,111,109,101,123,175,150,107,149,122,105,111,94,63,4.6,2,0.4,168,142,130,171,159,112,25,22.6,14.6,67,55.9,41.8,55.7,46.2,31,24,3,-5,202101
2/1/2021,145,129,92,168,148,123,120,97,123,170,158,96,149,128,95,113,98,57,4.7,3.1,0.2,169,153,117,174,155,114,26,21.1,9.6,65,61.7,34.5,57.7,50.8,26.4,22,19,-11,202102
3/1/2021,148,120,111,169,155,133,108,106,132,169,153,114,142,122,106,110,89,63,4.6,1.9,0.3,167,145,120,174,161,132,23.4,22.7,11.1,63.5,56.2,40.8,55.6,46,29.3,34,1,0,202103
4/1/2021,152,137,120,164,158,137,125,120,136,180,150,100,150,127,107,123,87,63,5.3,2.6,0.2,170,154,116,177,162,124,21.2,22.5,9.8,70.7,60.1,41.5,61.5,47.7,28.5,34,20,8,202104
5/1/2021,152,129,106,166,163,133,122,105,142,171,151,97,141,120,94,104,88,54,4.5,2.7,0.3,151,151,124,174,163,121,23,21,11.2,65.3,55.1,37.8,55.4,45.1,26.7,40,24,1,202105
6/1/2021,155,136,109,179,148,123,120,105,139,170,158,106,141,131,100,105,97,66,4.8,2.9,0.3,159,151,124,180,157,120,26.1,21.5,14,61.9,61.7,42.2,52.6,48.5,30.6,30,23,3,202106
7/1/2021,144,128,113,163,144,129,113,114,127,170,159,106,141,128,101,100,91,63,3.5,3.1,0.3,156,156,122,173,159,123,27.9,20.9,10.4,67.4,62,40.5,53,46.2,28.3,23,20,9,202107
8/1/2021,148,126,90,174,157,118,117,91,132,171,152,100,140,120,90,104,82,51,4.9,2.6,0.2,168,152,117,180,161,114,23.9,23.8,10.7,64.9,58.9,35.5,53,47.9,24.1,39,13,-6,202108
9/1/2021,156,125,102,159,151,129,116,104,147,174,139,101,137,124,93,114,77,57,4.7,2.4,0.3,162,150,119,167,151,125,26,23.4,9.7,62.1,54.1,42.2,53.8,41.1,27.1,37,22,1,202109
10/1/2021,150,127,100,165,153,113,121,100,141,182,148,107,141,118,95,112,89,56,5.1,3,0.3,177,159,121,178,156,114,23.3,23.7,11.1,68.7,62.3,35.6,57.5,47.1,26.5,38,16,3,202110
11/1/2021,149,129,89,166,142,115,119,88,142,172,146,101,126,116,89,91,73,52,4.7,2.7,0.4,163,152,124,170,150,115,25.9,20.3,9.2,62.9,58.3,40.6,54.3,38.7,25.7,45,24,5,202111
12/1/2021,150,119,94,166,144,118,106,96,137,169,159,102,143,118,88,94,71,57,5.3,3.2,0.3,180,161,123,172,158,115,23.7,25.4,9.4,65.6,62.4,43.6,48.8,42.6,25.2,43,18,5,202112
1/1/2022,147,124,96,170,136,114,108,94,128,182,154,106,144,124,92,93,82,52,3.7,3.3,0.5,172,154,131,179,148,117,27.5,21.6,9.2,62.3,59.1,40.7,49,41.7,27.7,36,22,8,202201
2/1/2022,130,118,78,159,143,96,108,76,119,171,142,102,131,114,79,91,81,47,4.9,2.4,0.3,165,149,115,169,151,103,23.3,19.4,10.3,68.5,59.4,34.7,51.8,43.4,24.1,38,23,-1,202202
3/1/2022,126,99,77,164,134,104,100,77,116,163,141,105,124,92,79,101,61,44,5.2,2.2,0.3,163,145,121,167,144,108,21.4,19,8,59.6,55.4,39.9,52.4,35.6,25.8,32,25,1,202203
4/1/2022,145,116,84,173,149,108,96,85,129,175,151,106,135,121,92,100,83,50,5.6,3.2,0.4,172,160,125,180,156,111,23.5,18.5,11.3,75.9,64.7,38.2,56.8,43.6,24.3,24,6,3,202204
5/1/2022,144,99,77,158,135,98,87,74,132,173,148,112,136,114,87,92,66,54,4.9,2.9,0.2,167,151,116,174,147,106,21.3,17.6,9.5,67.7,57.9,37.7,48.3,38.1,22.4,42,15,0,202205
6/1/2022,129,81,58,162,115,98,73,48,122,157,137,107,125,96,81,91,59,47,5.4,1.2,0.2,172,132,114,163,127,107,21.4,21.5,9.4,64.4,46.3,37.7,45.6,33.8,23.3,30,3,-5,202206
7/1/2022,111,93,62,134,130,92,80,58,103,161,148,111,120,108,76,81,77,53,4.6,2.5,0.1,161,143,108,148,147,105,26.6,22,8.3,63.7,54.1,29.8,45.7,39.7,23,25,5,-2,202207
8/1/2022,135,106,69,153,127,100,85,61,117,159,153,107,135,118,86,102,76,50,4.7,2.8,0.4,166,156,124,161,145,106,24.2,20.9,11.6,66.4,56.3,42.4,48.9,42.1,23.3,39,8,2,202208
9/1/2022,117,101,75,141,129,87,85,64,103,167,142,102,128,114,87,95,72,53,3.6,2.8,0.3,162,150,118,160,141,100,26.7,22.4,10.1,64.2,55.9,34.9,47.6,40.1,23,18,7,-1,202209
10/1/2022,127,92,69,150,120,90,83,60,106,168,149,110,136,113,84,87,76,51,5.2,2.2,0.4,160,146,123,161,137,100,29.2,22.4,10.3,69.2,52.4,36.3,47,40.7,22.3,22,17,-3,202210
11/1/2022,132,94,66,146,131,85,78,54,119,162,158,116,127,111,91,86,67,47,5.1,2.5,1.1,169,146,132,157,152,105,26,21.2,10.6,72.2,56.7,42.3,47.7,38.1,24.2,31,11,-8,202211
12/1/2022,119,96,70,146,114,98,80,60,105,165,147,109,122,118,92,87,69,58,3.6,3,0.5,161,149,128,160,135,107,26.2,26.5,10,61.5,60.4,50.4,47.6,38.9,27.2,18,8,-4,202212
1/1/2023,143,109,76,151,135,94,91,69,129,176,157,105,140,122,92,90,86,57,4.7,3.5,0.4,167,165,126,168,153,102,27.5,22.3,8.7,69.7,58.1,39.3,49.7,45.1,25,32,12,-3,202301
2/1/2023,140,93,87,140,130,102,83,81,127,171,158,110,141,111,99,92,68,56,4.6,2.8,1.2,170,151,134,162,148,108,24.9,23.8,10.5,63.7,54.7,43.2,49.3,38.4,30.8,35,5,2,202302
3/1/2023,134,91,83,138,116,90,86,73,118,174,141,104,133,99,94,104,61,53,4,1.4,0.4,157,141,123,159,131,100,24,24.1,10.4,60.1,54.6,38.5,50.3,36.6,26.4,31,7,-1,202303
4/1/2023,133,103,70,137,126,86,86,67,121,158,147,108,127,115,89,93,77,55,4.9,2.9,0.1,164,152,112,152,139,98,27.8,25.4,11.9,74.9,56.5,34.5,51.8,41.9,25.5,33,10,-5,202304
5/1/2023,125,108,69,146,127,82,90,69,109,169,148,106,128,119,80,91,77,47,5,3.4,0.3,171,151,118,161,140,93,26.5,19.5,12.7,66.6,59.1,34,46.5,43.5,23.9,29,11,-3,202305
6/1/2023,127,97,77,143,112,90,87,70,112,158,150,108,132,113,91,85,67,54,3.3,2.8,0.3,162,153,121,152,134,97,24.9,22.7,9.7,65.4,59.4,38.4,44.5,40.4,27.3,26,10,-1,202306
7/1/2023,137,113,90,162,126,102,97,82,125,168,144,112,134,119,99,96,88,60,3.6,3.1,0.3,166,152,120,173,136,113,20.4,25.1,7.5,67.9,56.9,41.3,48.4,43.3,27,27,6,0,202307
8/1/2023,129,110,97,143,126,102,93,86,110,169,150,109,133,116,106,91,82,61,4.6,3.2,-0.6,167,158,124,160,143,109,27.7,23.1,10.1,62.2,59.7,42.9,48.5,45,26.8,25,16,2,202308
9/1/2023,120,98,90,139,118,101,82,82,101,156,147,107,128,115,97,91,81,57,5,2.4,0.3,158,142,126,151,138,107,30,25.3,9,61.7,57.5,40.6,44.5,42.2,27.1,19,1,0,202309
10/1/2023,108,98,69,140,126,78,86,63,103,167,138,101,120,112,85,75,82,54,4.5,2.6,0.3,160,145,119,155,138,89,26.2,25.8,10.5,65.1,57.8,37.6,47.1,40.1,25.4,25,10,-9,202310
11/1/2023,117,92,84,140,110,95,75,78,107,164,154,103,125,114,91,86,68,57,4.7,2.7,0.4,164,150,125,155,139,101,28.1,24.6,10.8,66.2,58.7,43.3,47.1,39.2,24.1,29,-4,1,202311
12/1/2023,134,99,88,137,107,99,86,80,109,174,138,109,143,108,99,92,71,68,4.7,2.7,0.5,160,150,132,158,124,107,24.8,22.5,9.7,71,61.5,42.8,51.1,37.9,29.9,22,8,-2,202312
1/1/2024,134,112,108,135,123,99,94,97,117,165,160,114,137,131,110,94,95,67,4.1,3.2,1.1,178,163,134,157,145,111,26.8,20.7,10.3,73.4,64.6,45.7,49.7,46.9,30,26,6,6,202401
2/1/2024,141,108,96,153,117,95,96,84,133,164,147,108,131,122,105,101,81,61,4.8,3,0.7,167,156,135,165,135,104,27.9,23.3,8.4,70.3,59.2,46.3,49.6,43.1,27.1,32,16,1,202402
3/1/2024,132,122,109,133,117,105,107,96,119,160,155,119,134,127,113,87,82,71,4.9,3,1.2,173,155,138,150,137,119,29.6,23,10,70.2,58.8,45.1,44.4,39.3,29.8,24,20,1,202403
4/1/2024,136,116,95,131,127,99,102,85,114,159,152,109,141,125,103,86,77,53,4.9,3.5,0.4,161,153,124,144,143,107,28.5,23.5,9.4,66.5,58.9,38.4,47.2,40,24.9,17,19,3,202404
5/1/2024,132,110,90,144,116,91,94,80,116,166,145,102,133,120,97,72,71,48,4.6,1.9,0.3,161,138,114,157,132,98,24.8,23,13.2,69.2,55.1,36.4,43.7,36.8,22.5,28,12,4,202405
6/1/2024,110,95,88,129,116,83,81,79,93,152,140,104,123,107,101,68,61,56,2.9,2.2,-0.6,152,145,118,143,131,94,21.6,22.7,12.1,60.7,54.9,36,43.3,35.6,21.6,14,13,-1,202406
7/1/2024,114,92,88,121,105,93,76,79,113,148,136,108,119,112,99,59,58,50,3.1,2.2,0.4,159,158,132,141,122,101,32.9,25,13,53.7,51.3,34.7,43.6,28.6,20.7,33,2,-3,202407
8/1/2024,104,95,87,127,105,84,80,77,83,169,141,104,123,113,101,75,52,48,3,2.4,0.3,170,147,129,148,122,93,24.4,25.7,10,59.2,54.5,31.4,43.6,34.2,19.8,6,9,-2,202408
9/1/2024,124,96,87,131,107,85,78,78,104,156,137,103,135,120,103,63,57,51,2.3,2,0.3,151,150,129,146,124,92,28.1,24.3,13.4,55,51.3,36.4,41.2,35.1,20.3,9,1,-2,202409
10/1/2024,135,97,83,141,97,82,77,74,125,140,143,97,134,124,96,78,61,48,3.7,2,0.5,168,153,135,144,122,89,27.7,23.2,12.6,62.7,50,34.8,44.1,34.2,21,22,-2,-6,202410
11/1/2024,100,97,98,129,110,98,78,88,74,160,135,113,131,118,109,87,63,53,3.9,1.7,0.5,168,145,140,148,124,108,26.5,25.7,13,61.2,51,34.8,38.9,31.1,22.4,-4,2,3,202411
