yyyymm,pago_r_ehs,pago_r_esc,pago_r_ecd,pagorn_ny_ehs,pagorn_ny_esc,pagorn_ny_ecd,pexp_r_ehs,pexp_r_esc,pexp_r_ecd,ptrd_r_ehs,ptrd_r_esc,ptrd_r_ecd,pago5_r_ehs,pago5_r_esc,pago5_r_ecd,pexp5_r_ehs,pexp5_r_esc,pexp5_r_ecd,ptrd5_r_ehs,ptrd5_r_esc,ptrd5_r_ecd,inex_med_ehs,inex_med_esc,inex_med_ecd,inex_r_ehs,inex_r_esc,inex_r_ecd,rinc_r_ehs,rinc_r_esc,rinc_r_ecd,pinc2_mean_ehs,pinc2_mean_esc,pinc2_mean_ecd,pinc_mean_ehs,pinc_mean_esc,pinc_mean_ecd,pjob_mean_ehs,pjob_mean_esc,pjob_mean_ecd
197801,99,120,118,5,29,31,105,133,136,103,134,127,,,,,,,,,,,,,,,,59,79,86,,,,,,,,,
197802,101,118,115,9,19,27,102,128,121,105,127,127,,,,,,,,,,0,5.2,7.7,133,148,156,69,86,95,,,,,,,,,
197803,91,114,108,4,28,24,102,113,116,96,119,121,,,,,,,,,,,,,,,,59,62,76,,,,,,,,,
197804,99,111,114,11,24,25,106,118,122,106,120,122,,,,,,,,,,,,,,,,60,74,83,,,,,,,,,
197805,98,114,122,4,33,32,106,117,123,102,119,127,,,,,,,,,,3.9,6.6,7.9,149,166,168,61,77,88,,,,,,,,,
197806,100,121,117,13,28,41,95,106,117,98,115,120,,,,,,,,,,,,,,,,60,69,86,,,,,,,,,
197807,111,101,105,20,21,35,108,125,107,117,118,108,,,,,,,,,,,,,,,,59,60,76,,,,,,,,,
197808,99,102,111,20,23,34,110,113,121,106,117,122,,,,,,,,,,4.6,6.7,8.4,149,161,164,67,64,85,,,,,,,,,
197809,110,119,96,18,46,18,106,114,114,112,120,97,,,,,,,,,,,,,,,,54,77,71,,,,,,,,,
197810,91,111,95,20,34,33,101,109,107,95,116,103,,,,,,,,,,,,,,,,56,62,71,,,,,,,,,
197811,105,116,104,13,25,25,100,118,120,105,121,114,,,,,,,,,,2.5,5.4,6.7,141,161,162,64,67,74,,,,,,,,,
197812,93,88,108,18,12,32,92,102,104,95,94,112,,,,,,,,,,,,,,,,63,59,73,,,,,,,,,
197901,92,107,124,17,28,34,95,103,113,93,111,124,,,,,,,,,,,,,,,,54,69,62,,,,,,,,,
197902,95,107,108,13,18,25,94,111,104,94,112,111,116,128,121,111,127,127,119,135,125,4.9,6.8,6.7,148,163,163,58,68,69,,,,,,,,,
197903,94,90,111,17,21,32,96,109,105,90,93,113,,,,,,,,,,,,,,,,51,57,74,,,,,,,,,
197904,77,93,98,14,26,31,81,94,109,75,85,106,,,,,,,,,,,,,,,,47,55,68,,,,,,,,,
197905,86,92,107,13,14,36,93,96,100,89,93,109,,,,,,,,,,5,6,7.8,145,155,173,58,71,71,,,,,,,,,
197906,87,92,108,16,27,38,88,83,108,88,86,111,,,,,,,,,,,,,,,,54,48,67,,,,,,,,,
197907,81,101,103,14,21,34,86,97,107,79,102,107,107,114,130,100,118,129,103,118,134,,,,,,,52,59,68,,,,,,,,,
197908,90,103,110,13,24,34,93,110,102,89,110,108,107,124,133,105,135,139,108,135,142,4.7,7.4,7.5,145,175,168,56,66,71,,,,,,,,,
197909,85,98,101,7,32,38,94,110,104,88,106,105,,,,,,,,,,,,,,,,54,54,69,,,,,,,,,
197910,78,87,93,9,18,27,91,102,101,80,94,96,,,,,,,,,,,,,,,,51,58,71,,,,,,,,,
197911,80,89,102,5,19,41,89,111,106,80,97,104,,,,,,,,,,3.5,7,7.5,143,167,169,56,71,67,,,,,,,,,
197912,85,76,91,9,14,27,97,107,113,88,91,101,,,,,,,,,,,,,,,,54,60,76,,,,,,,,,
198001,91,108,94,16,31,23,101,105,119,96,107,109,,,,,,,,,,,,,,,,56,58,58,,,,,,,,,
198002,74,91,110,9,26,32,93,111,107,79,96,112,103,123,142,104,125,130,105,130,139,5,6.9,7.4,150,159,169,55,78,71,,,,,,,,,
198003,72,77,97,8,9,24,87,100,107,74,81,104,,,,,,,,,,,,,,,,46,48,60,,,,,,,,,
198004,71,65,83,3,13,21,95,101,95,80,79,85,,,,,,,,,,4.6,6.3,9.5,147,160,172,64,55,68,,,,,,,,,
198005,68,89,98,1,19,24,87,129,109,68,106,107,,,,,,,,,,2.8,7.2,7.2,139,164,166,49,77,73,,,,,,,,,
198006,71,84,102,1,7,37,96,116,106,76,102,103,,,,,,,,,,5.3,7.8,7.9,151,165,164,67,83,75,,,,,,,,,
198007,86,98,95,10,21,27,99,120,114,88,102,103,105,119,141,119,144,145,115,134,141,-0.5,6.5,9,132,152,166,60,67,88,,,,,,,,,
198008,84,95,112,8,20,34,103,128,120,94,116,123,116,109,128,113,152,134,117,137,132,4.5,6.5,7.9,148,159,176,62,69,73,,,,,,,,,
198009,80,97,115,9,20,37,110,130,122,89,120,122,106,128,134,116,141,152,113,137,143,3.5,6.7,7.9,148,171,166,66,75,64,,,,,,,,,
198010,84,88,106,4,17,33,103,121,109,91,111,109,,,,,,,,,,3.1,6.9,9,148,175,169,65,78,71,,,,,,,,,
198011,75,93,95,6,24,29,110,131,127,90,117,112,,,,,,,,,,4.7,8.4,9.2,149,169,177,67,79,97,,,,,,,,,
198012,69,105,85,5,28,18,94,112,117,75,110,100,,,,,,,,,,4.2,8.3,8.6,150,165,159,58,79,78,,,,,,,,,
198101,71,93,95,3,28,24,102,122,118,80,109,105,111,126,132,114,134,139,114,138,139,4.3,5.1,8.5,147,152,160,68,63,91,,,,,,,,,
198102,71,98,97,1,28,25,104,111,123,86,109,115,103,110,115,114,146,145,109,137,132,0.7,8.1,8.7,134,171,175,61,81,84,,,,,,,,,
198103,78,96,98,2,16,24,97,113,122,85,106,112,97,106,127,116,149,140,106,133,137,3.2,6.3,8.2,140,166,173,65,71,87,,,,,,,,,
198104,77,86,80,-4,22,18,105,131,110,83,108,94,,,,,,,,,,3.1,7.1,8.7,146,171,164,64,70,72,,,,,,,,,
198105,91,107,92,8,26,31,114,127,127,100,120,109,,,,,,,,,,4.9,8.5,9.2,154,169,174,75,83,98,,,,,,,,,
198106,80,93,109,3,20,31,104,121,131,89,105,125,,,,,,,,,,4,7.4,8.6,145,163,174,72,81,94,,,,,,,,,
198107,91,110,110,4,32,32,107,117,142,99,117,129,116,112,128,114,138,156,118,127,148,2.8,5.3,9.7,138,160,165,73,75,107,,,,,,,,,
198108,91,103,117,16,33,30,106,145,133,100,129,128,117,145,126,124,160,156,127,157,145,4.5,7,8.6,143,170,170,71,89,90,,,,,,,,,
198109,87,101,119,5,27,34,106,117,127,97,102,126,116,111,127,119,148,152,119,135,146,1.3,6.7,9.3,139,164,174,61,80,89,,,,,,,,,
198110,79,122,111,6,21,21,108,112,118,93,123,122,,,,,,,,,,4.6,5.2,7.6,144,159,167,62,66,103,,,,,,,,,
198111,77,78,105,1,-3,33,104,119,120,87,94,118,,,,,,,,,,1.5,7.2,9.6,128,164,174,63,76,88,,,,,,,,,
198112,87,100,109,6,16,29,98,119,129,94,113,124,,,,,,,,,,2.2,7.5,9.5,134,160,169,62,91,100,,,,,,,,,
198201,82,103,106,-2,15,25,109,124,126,93,111,121,106,127,137,128,144,151,117,143,148,3.7,5.2,6.9,140,149,166,73,90,100,,,,,,,,,
198202,81,102,103,0,15,20,102,121,128,88,114,120,110,126,136,121,138,147,118,136,144,2.6,5.5,9.4,139,148,166,73,77,109,,,,,,,,,
198203,80,97,105,-6,14,20,96,113,125,86,107,120,102,128,137,119,142,153,112,138,149,0.4,6.3,7.7,124,145,158,63,86,100,,,,,,,,,
198204,80,92,94,-5,12,14,100,125,122,88,112,110,,,,,,,,,,1.1,4.8,5.3,133,145,153,70,84,91,,,,,,,,,
198205,83,91,114,2,5,29,102,120,128,89,109,128,,,,,,,,,,-0.5,7.8,7.5,134,166,156,72,90,106,,,,,,,,,
198206,84,106,95,-2,19,24,112,122,122,97,117,106,,,,,,,,,,4.4,5.3,5.4,135,151,158,71,88,98,,,,,,,,,
198207,79,98,109,-2,7,20,107,125,119,89,112,119,101,125,130,134,140,149,120,136,142,-1.6,4.7,5.2,131,142,161,70,85,86,,,,,,,,,
198208,81,92,104,-5,12,21,99,122,122,88,108,115,93,115,123,117,156,152,105,140,140,0.5,5.4,6.6,133,151,159,67,85,91,,,,,,,,,
198209,79,98,109,-7,14,22,103,127,137,90,113,125,97,124,147,113,140,159,107,134,157,-0.7,6.5,7.4,128,162,159,64,91,102,,,,,,,,,
198210,81,114,109,-4,21,32,109,132,128,94,122,122,,,,,,,,,,1.9,5.6,5.8,137,163,154,69,92,95,,,,,,,,,
198211,70,93,110,-7,6,22,113,141,123,89,118,119,,,,,,,,,,0.5,9,5.2,132,163,150,70,102,100,,,,,,,,,
198212,80,88,109,-5,9,21,105,127,133,92,108,131,,,,,,,,,,0.8,4.9,7.3,129,151,156,74,106,103,,,,,,,,,
198301,82,99,108,2,11,10,108,127,122,93,113,118,92,95,144,120,147,143,104,119,149,0.3,4.6,4.5,127,151,151,69,94,96,,,,,,,,,
198302,79,93,111,-4,9,20,107,134,124,94,116,122,100,114,121,123,159,155,114,141,140,-0.7,5.3,4.4,122,164,153,67,99,97,,,,,,,,,
198303,80,99,118,-7,9,17,119,131,142,97,120,133,101,108,144,132,156,159,119,131,154,0.4,5.2,6.7,125,149,162,69,108,105,,,,,,,,,
198304,98,108,133,3,-2,37,121,141,142,114,132,145,,,,,,,,,,3,5.1,6.8,142,161,171,76,97,109,,,,,,,,,
198305,96,111,104,3,12,16,132,150,138,118,135,124,,,,,,,,,,1.4,5.5,5.1,135,159,154,84,99,105,,,,,,,,,
198306,103,104,129,5,19,24,118,138,140,113,127,143,,,,,,,,,,2.2,2.4,5.6,136,142,165,80,97,95,,,,,,,,,
198307,95,116,133,3,12,32,116,140,136,106,135,145,105,127,144,128,150,158,117,140,157,0.8,5,5.1,136,153,152,73,99,107,,,,,,,,,
198308,95,117,123,3,15,31,108,146,148,101,135,145,109,123,139,131,163,159,121,148,153,0.7,5.4,6.2,132,162,168,73,94,107,,,,,,,,,
198309,93,117,138,5,14,33,114,133,144,104,136,152,105,127,143,127,142,163,116,138,156,0.4,3,5.4,133,147,171,72,84,108,,,,,,,,,
198310,98,103,120,5,6,20,113,134,139,106,125,135,,,,,,,,,,1.4,4.9,6.3,133,155,167,72,85,95,,,,,,,,,
198311,97,121,138,3,25,42,114,150,138,108,144,144,,,,,,,,,,2.4,5.4,5.5,143,158,165,81,104,109,,,,,,,,,
198312,117,122,136,14,21,30,116,135,134,121,136,144,,,,,,,,,,2.6,4.8,5.3,143,149,163,76,102,102,,,,,,,,,
198401,108,127,133,5,20,34,118,139,141,114,145,144,121,136,148,126,159,155,128,153,154,2.2,4.7,5.2,143,157,165,80,104,113,,,,,,,,,
198402,109,115,144,5,22,39,123,136,144,120,128,154,123,126,154,132,160,167,134,149,163,2.8,5.1,6.8,142,162,174,83,96,120,,,,,,,,,
198403,106,143,140,15,29,38,124,145,148,120,156,153,120,150,137,129,153,165,127,157,158,2.3,5.3,7.9,149,166,172,78,102,118,,,,,,,,,
198404,106,123,139,5,14,46,116,126,148,111,130,149,,,,,,,,,,2.6,5,6.8,135,154,172,77,92,115,,,,,,,,,
198405,114,124,140,13,27,35,121,144,134,122,142,147,,,,,,,,,,1.6,5.7,5.2,144,169,157,77,107,103,,,,,,,,,
198406,113,138,139,17,31,34,114,132,140,122,150,148,,,,,,,,,,1.7,5.1,7,138,152,174,84,98,109,,,,,,,,,
198407,106,125,140,12,17,41,108,140,146,110,138,151,122,150,150,128,149,157,130,157,159,2.3,4.3,5.5,142,164,171,74,97,117,,,,,,,,,
198408,114,125,144,8,28,42,122,124,145,126,128,157,120,130,150,132,161,163,133,151,159,2.4,4.8,7.7,140,159,174,86,99,125,,,,,,,,,
198409,115,142,137,18,44,36,122,139,147,125,150,153,124,160,155,130,155,164,133,166,163,2.5,4.7,7.1,141,169,170,81,107,113,,,,,,,,,
198410,102,129,151,7,19,51,116,137,145,115,133,162,,,,,,,,,,1.6,4.9,7.2,140,159,169,81,99,124,,,,,,,,,
198411,112,128,142,8,25,39,118,138,147,124,144,155,,,,,,,,,,1.2,4.8,7.5,136,157,178,84,88,118,,,,,,,,,
198412,109,128,129,8,22,30,120,132,132,118,139,137,,,,,,,,,,0.8,4.9,5.2,136,163,157,82,99,106,,,,,,,,,
198501,106,130,142,6,39,36,119,132,130,116,142,149,121,153,151,126,155,148,127,163,156,0.5,5,4.8,132,150,154,77,100,105,,,,,,,,,
198502,108,116,130,8,22,27,109,124,142,112,126,145,115,115,136,123,145,160,123,129,152,0.5,3.1,5.2,131,140,162,71,90,99,,,,,,,,,
198503,101,121,136,7,20,46,118,137,125,111,140,135,,,,,,,,,,0.5,4.5,5,131,156,150,76,103,100,,,,,,,,,
198504,105,112,140,5,16,30,113,137,148,112,128,156,,,,,,,,,,0.4,4.7,5.2,127,154,163,81,94,111,,,,,,,,,
198505,102,129,140,5,23,47,109,129,136,109,136,147,,,,,,,,,,0.4,5.1,4.8,130,162,161,73,95,107,,,,,,,,,
198506,103,122,140,9,21,40,119,137,138,111,139,148,,,,,,,,,,1.2,3.5,5.9,135,151,166,81,84,114,,,,,,,,,
198507,109,135,116,7,28,14,118,140,126,118,152,126,126,138,138,128,151,147,135,153,147,0.4,4.9,4.8,129,156,149,81,90,99,,,,,,,,,
198508,100,121,131,6,21,39,112,136,137,109,136,142,114,125,143,122,149,155,124,142,153,0.6,4.7,5.2,136,149,161,75,97,105,,,,,,,,,
198509,107,116,139,14,20,43,114,137,141,112,133,147,115,130,152,124,153,149,123,143,153,0.4,4.7,5,131,150,168,79,86,116,,,,,,,,,
198510,104,113,130,10,21,29,113,136,138,113,130,145,,,,,,,,,,-0.6,5.1,5.1,129,156,163,73,91,108,,,,,,,,,
198511,104,111,128,9,17,31,120,123,132,115,122,138,,,,,,,,,,0.5,4.5,4.7,130,162,162,76,91,109,,,,,,,,,
198512,115,115,135,18,5,36,114,129,139,121,129,143,,,,,,,,,,0.9,4.3,6.5,137,153,168,78,92,112,,,,,,,,,
198601,113,121,142,11,20,34,117,123,134,122,127,147,,,,,,,,,,0.5,3,5,135,143,161,80,92,108,,,,,,,,,
198602,107,127,133,10,26,29,113,137,136,113,144,146,,,,,,,,,,0.9,5,4.9,138,158,159,70,88,108,,,,,,,,,
198603,114,114,141,11,18,40,119,122,138,125,121,145,,,,,,,,,,0.9,3.1,5,136,143,155,75,91,121,,,,,,,,,
198604,110,122,138,5,18,35,115,133,148,118,132,156,,,,,,,,,,0.9,4.1,6.5,133,146,165,74,99,115,,,,,,,,,
198605,99,133,139,5,22,32,117,149,136,110,149,148,,,,,,,,,,0.7,4.8,5,131,155,166,74,99,113,,,,,,,,,
198606,116,130,140,15,19,38,124,131,133,126,139,146,,,,,,,,,,1.6,3.9,5.2,138,152,157,81,94,113,,,,,,,,,
198607,115,133,143,10,32,37,122,137,143,125,144,153,,,,,,,,,,1.5,4.7,5.4,138,159,166,80,95,129,,,,,,,,,
198608,104,121,150,5,10,39,117,135,141,116,141,161,,,,,,,,,,-1.5,4.6,5.2,136,157,167,69,92,126,,,,,,,,,
198609,106,124,144,3,16,42,119,128,144,117,137,155,,,,,,,,,,0.5,3.8,5.1,134,149,171,70,93,123,,,,,,,,,
198610,110,117,136,8,18,32,119,127,141,120,126,148,,,,,,,,,,0.8,4.7,5.5,134,158,166,74,85,119,,,,,,,,,
198611,104,130,142,5,25,37,109,134,129,112,141,147,,,,,,,,,,1,4.2,5.1,137,161,170,75,96,112,,,,,,,,,
198612,112,109,131,12,13,36,120,130,137,122,128,143,,,,,,,,,,2.1,2.9,4.7,144,153,158,74,85,103,,,,,,,,,
198701,111,123,135,12,29,40,124,126,144,126,132,148,,,,,,,,,,1.2,4.6,5.3,139,156,168,73,84,118,,,,,,,,,
198702,97,127,135,-2,22,37,118,129,138,109,133,149,,,,,,,,,,0.4,2.8,4.6,133,152,162,73,84,100,,,,,,,,,
198703,100,126,131,-1,27,33,114,126,135,110,133,141,,,,,,,,,,0.4,2.7,5,131,144,164,64,90,112,,,,,,,,,
198704,108,120,125,9,22,34,118,140,135,119,135,134,,,,,,,,,,0.4,5.2,5.2,134,157,163,72,96,109,,,,,,,,,
198705,110,124,126,6,31,28,111,131,128,116,136,132,,,,,,,,,,0.5,3.3,3.6,128,158,157,72,87,98,,,,,,,,,
198706,115,126,124,14,26,23,115,127,129,122,133,133,,,,,,,,,,1.3,3.2,4.7,141,159,159,68,88,91,,,,,,,,,
198707,113,127,139,16,20,42,114,126,136,118,135,146,,,,,,,,,,0.8,3,4.6,137,147,167,72,68,113,,,,,,,,,
198708,107,133,140,6,31,39,120,128,139,119,143,146,,,,,,,,,,1.9,4.6,5.1,142,151,174,72,94,105,,,,,,,,,
198709,107,118,142,3,22,40,115,125,143,120,134,155,,,,,,,,,,0.4,2.4,4.9,134,149,168,65,81,107,,,,,,,,,
198710,98,135,142,1,21,34,117,139,140,110,143,149,,,,,,,,,,0.5,4.3,5,134,155,163,70,98,114,,,,,,,,,
198711,109,113,129,15,22,29,110,136,121,113,122,131,,,,,,,,,,2.7,4.9,5.3,142,164,160,72,92,115,,,,,,,,,
198712,110,138,122,6,28,24,113,120,133,116,138,133,,,,,,,,,,0.8,3.1,4.3,124,155,152,67,82,103,,,,,,,,,
198801,113,116,143,20,17,45,121,143,136,126,138,153,,,,,,,,,,1.4,4.4,4.6,146,157,162,70,87,104,,,,,,,,,
198802,117,123,133,18,28,38,121,142,139,127,144,145,,,,,,,,,,2.9,4.6,4.8,142,164,160,76,83,113,,,,,,,,,
198803,112,136,142,10,33,44,120,138,148,122,147,158,,,,,,,,,,0.9,3.8,5.1,136,157,171,75,93,113,,,,,,,,,
198804,108,126,128,7,23,28,119,122,137,122,131,140,,,,,,,,,,-0.5,3.3,4.6,138,146,155,72,91,107,,,,,,,,,
198805,98,121,129,-2,28,31,118,133,142,109,134,140,,,,,,,,,,-0.6,3.6,4.9,131,155,167,72,94,105,,,,,,,,,
198806,113,116,133,13,7,41,127,128,135,123,130,143,,,,,,,,,,1.7,1.1,4.4,138,141,160,79,74,103,,,,,,,,,
198807,108,129,140,17,36,31,125,129,132,124,138,147,,,,,,,,,,2.2,3.1,5.1,144,161,163,74,75,118,,,,,,,,,
198808,118,125,152,18,36,47,121,116,149,124,125,161,,,,,,,,,,2.6,4.2,7,149,148,178,77,79,116,,,,,,,,,
198809,108,135,155,14,28,52,127,131,143,123,143,165,,,,,,,,,,2.2,3.9,5.7,147,158,164,79,94,120,,,,,,,,,
198810,100,118,139,3,23,33,117,130,138,112,127,149,,,,,,,,,,1.2,2.3,4.8,142,147,160,72,96,101,,,,,,,,,
198811,109,100,128,12,12,38,124,122,140,124,113,141,,,,,,,,,,3.3,3.4,5.3,150,154,174,78,87,112,,,,,,,,,
198812,105,117,130,11,13,36,122,123,142,120,119,140,,,,,,,,,,2.6,3.4,4.3,144,155,165,65,84,98,,,,,,,,,
198901,115,128,127,13,21,34,127,133,137,131,139,138,,,,,,,,,,1.5,3.2,5.2,140,149,162,69,84,109,,,,,,,,,
198902,112,105,150,10,11,41,128,127,138,130,119,155,,,,,,,,,,2.5,4.4,5.2,149,154,170,69,75,116,,,,,,,,,
198903,109,121,128,9,19,33,121,128,153,122,135,145,,,,,,,,,,0.7,2.8,5.6,136,152,161,65,75,115,,,,,,,,,
198904,102,120,129,11,25,31,122,145,138,118,139,145,,,,,,,,,,1.4,4.8,5,140,166,165,69,84,100,,,,,,,,,
198905,109,121,142,9,23,36,118,128,137,117,133,151,,,,,,,,,,1.8,4.2,5.1,142,143,163,66,87,112,,,,,,,,,
198906,100,125,137,2,29,38,112,137,139,111,134,149,,,,,,,,,,-0.5,4.3,4.9,134,161,169,62,89,89,,,,,,,,,
198907,100,118,132,8,23,32,115,130,134,109,130,147,,,,,,,,,,-0.6,3.4,5,135,149,168,66,84,102,,,,,,,,,
198908,100,123,129,7,29,33,120,133,129,111,131,141,,,,,,,,,,1.9,3.9,5.1,142,153,164,71,89,106,,,,,,,,,
198909,103,118,147,3,23,37,117,135,145,110,132,155,,,,,,,,,,0.5,2.9,5.5,128,150,167,61,90,107,,,,,,,,,
198910,104,114,133,9,10,32,123,143,146,120,138,148,,,,,,,,,,1.5,5.2,4.8,140,156,161,69,81,109,,,,,,,,,
198911,102,130,134,3,27,36,123,144,134,117,147,143,,,,,,,,,,3.3,4.9,4.8,160,166,168,69,104,110,,,,,,,,,
198912,99,133,131,9,32,32,118,133,149,112,141,152,,,,,,,,,,0.5,4.7,5.3,137,152,174,63,91,108,,,,,,,,,
199001,108,125,128,7,20,41,116,127,138,117,134,140,,,,,,,,,,0.8,3.5,5.2,138,158,172,67,84,103,,,,,,,,,
199002,100,114,116,3,21,27,120,127,134,114,124,131,,,,,,,,,,0.6,3,3.6,137,153,161,71,86,96,,,,,,,,,
199003,102,126,139,8,33,35,108,138,145,107,143,153,,,,,,,,,,0.3,4.8,5.4,127,161,167,68,75,118,,,,,,,,,
199004,107,127,140,9,24,40,120,152,151,121,147,160,,,,,,,,,,1.1,4.6,5.6,145,166,173,64,101,113,,,,,,,,,
199005,106,135,131,8,26,26,115,140,138,117,144,144,,,,,,,,,,0.8,5,5.4,141,164,174,70,94,113,,,,,,,,,
199006,102,125,142,12,24,41,116,129,136,113,134,150,,,,,,,,,,0.8,4.4,4.8,134,155,159,66,84,105,,,,,,,,,
199007,105,115,133,7,18,41,115,137,143,114,133,147,,,,,,,,,,1.4,4.9,5.9,139,167,175,75,82,109,,,,,,,,,
199008,99,106,115,11,13,20,109,126,131,108,122,127,,,,,,,,,,0.9,4.9,5.3,134,161,163,62,69,98,,,,,,,,,
199009,99,104,125,11,7,30,106,113,123,107,111,132,,,,,,,,,,0.4,3.1,5.1,135,145,159,58,69,99,,,,,,,,,
199010,84,87,111,-2,7,20,94,110,120,85,98,117,,,,,,,,,,0.4,4.5,4.5,124,156,154,44,65,88,,,,,,,,,
199011,87,103,108,2,11,25,98,119,129,93,111,123,,,,,,,,,,1.1,2.6,4.7,134,143,155,67,70,93,,,,,,,,,
199012,93,98,108,5,10,24,106,106,121,98,106,119,,,,,,,,,,0.6,2.4,4.6,131,145,159,60,75,87,,,,,,,,,
199101,105,84,117,0,-8,25,110,115,133,108,94,131,,,,,,,,,,0.7,3.3,4.7,137,151,160,66,81,109,,,,,,,,,
199102,90,96,107,1,1,16,116,132,120,103,121,120,,,,,,,,,,0.6,4.6,3.8,132,155,156,63,77,86,,,,,,,,,
199103,90,98,124,-5,10,25,119,133,132,105,125,136,,,,,,,,,,0.4,3.1,5.1,134,156,160,69,85,98,,,,,,,,,
199104,91,107,111,2,7,16,115,125,138,106,120,128,,,,,,,,,,1,3.1,4.8,136,147,160,64,67,107,,,,,,,,,
199105,91,91,132,-4,-6,28,116,121,140,106,105,145,,,,,,,,,,0.4,1.6,4.5,130,133,159,58,73,98,,,,,,,,,
199106,94,109,120,2,8,22,111,132,127,106,123,131,,,,,,,,,,0.4,3.4,4.8,124,151,160,69,83,94,,,,,,,,,
199107,96,89,127,-2,6,31,112,121,129,105,106,137,,,,,,,,,,-0.6,4.6,4.5,124,153,155,66,73,101,,,,,,,,,
199108,94,107,120,-7,18,18,119,133,129,108,130,135,,,,,,,,,,0.9,1.9,3,144,141,147,70,70,93,,,,,,,,,
199109,90,112,124,-6,12,23,117,127,128,102,130,137,,,,,,,,,,1.2,3.3,4.5,147,161,160,70,85,99,,,,,,,,,
199110,95,105,108,2,3,20,113,133,137,107,120,124,,,,,,,,,,0.4,4.5,4.8,131,159,168,60,80,90,,,,,,,,,
199111,79,91,98,-3,3,7,112,126,125,92,110,111,,,,,,,,,,0.5,4.5,4.6,132,154,151,61,83,98,,,,,,,,,
199112,79,104,94,-10,5,11,105,132,122,85,123,110,,,,,,,,,,0.4,3,4.3,124,155,157,65,81,102,,,,,,,,,
199201,89,82,99,-6,-12,2,116,116,128,98,98,117,,,,,,,,,,0.4,1.1,4.3,130,128,149,66,68,100,,,,,,,,,
199202,83,82,109,-11,-9,4,120,124,127,100,108,125,,,,,,,,,,0.7,2.6,2.6,136,130,148,68,84,89,,,,,,,,,
199203,91,94,95,-2,1,15,109,115,120,105,107,106,,,,,,,,,,0.3,4.4,3,125,145,147,72,78,91,,,,,,,,,
199204,84,103,112,-5,-5,27,116,139,144,101,124,133,,,,,,,,,,1.4,4,3.9,139,152,156,79,82,105,,,,,,,,,
199205,83,97,120,-10,-2,14,111,123,137,95,110,137,,,,,,,,,,0.4,2.7,4.7,127,146,160,64,84,108,,,,,,,,,
199206,87,100,123,-11,-1,22,113,128,142,98,117,140,,,,,,,,,,0.6,1.3,4.9,135,141,168,70,89,115,,,,,,,,,
199207,87,88,114,-1,-3,9,123,121,132,105,107,132,,,,,,,,,,0.4,0.7,3.8,132,132,154,65,72,95,,,,,,,,,
199208,83,92,103,-10,-1,10,114,125,129,99,112,118,,,,,,,,,,-0.6,3.3,4.2,130,155,152,59,83,91,,,,,,,,,
199209,92,104,114,-1,8,14,111,132,132,104,122,125,,,,,,,,,,0.4,3.2,4.4,127,151,156,64,89,97,,,,,,,,,
199210,79,92,107,-5,-6,11,113,128,132,92,110,127,,,,,,,,,,0.9,2.8,3.8,136,141,158,69,76,108,,,,,,,,,
199211,97,118,119,-1,20,20,108,139,135,108,145,135,,,,,,,,,,1.5,4.8,4.8,135,171,161,76,88,101,,,,,,,,,
199212,85,107,116,-13,3,18,126,131,138,108,124,138,,,,,,,,,,2.5,3.2,4.8,146,162,161,73,86,104,,,,,,,,,
199301,102,116,116,-3,10,11,121,127,134,113,127,131,,,,,,,,,,1.8,3,3.4,142,156,164,75,81,99,,,,,,,,,
199302,85,106,117,-1,10,13,117,122,140,103,119,135,,,,,,,,,,0.4,3,4.8,133,138,155,68,78,105,,,,,,,,,
199303,102,118,122,-1,20,29,111,133,122,108,128,124,,,,,,,,,,0.4,2.4,3,132,142,148,69,88,95,,,,,,,,,
199304,94,104,119,-8,13,18,115,122,127,103,115,134,,,,,,,,,,0.4,3,3.3,132,147,147,65,70,94,,,,,,,,,
199305,90,126,110,2,23,16,110,131,113,102,130,116,,,,,,,,,,0.4,3.3,3.1,132,153,150,69,90,100,,,,,,,,,
199306,96,126,112,4,23,15,108,118,129,104,125,127,,,,,,,,,,0.3,2.7,4.3,117,146,156,61,71,99,,,,,,,,,
199307,90,117,108,2,21,13,104,123,113,100,128,114,,,,,,,,,,-0.7,2.1,3.1,118,144,150,68,76,94,,,,,,,,,
199308,88,95,108,-4,1,12,108,114,121,94,106,117,,,,,,,,,,0.3,2.7,3.2,129,143,150,71,72,93,,,,,,,,,
199309,99,96,117,3,3,20,108,129,112,107,116,120,,,,,,,,,,1.4,3,3.8,136,156,152,74,72,100,,,,,,,,,
199310,99,99,114,-2,3,14,116,116,126,108,113,123,,,,,,,,,,1.5,2.7,3,139,146,150,67,67,95,,,,,,,,,
199311,97,108,124,0,14,21,114,126,131,109,119,135,,,,,,,,,,2.3,3.9,4.2,143,153,149,64,71,102,,,,,,,,,
199312,102,113,130,3,19,26,116,125,127,113,127,136,,,,,,,,,,1.7,2.7,2.9,142,154,152,66,81,102,,,,,,,,,
199401,106,116,127,5,17,28,116,129,129,118,134,136,,,,,,,,,,0.4,2.8,3.9,131,144,151,75,84,97,,,,,,,,,
199402,104,104,131,13,5,30,117,136,132,115,123,142,,,,,,,,,,0.9,3.2,4,138,154,156,72,95,104,,,,,,,,,
199403,101,96,119,11,1,21,123,130,126,117,111,133,,,,,,,,,,0.4,2.6,3.8,134,148,142,69,76,101,,,,,,,,,
199404,109,117,125,7,12,19,116,126,133,113,128,139,,,,,,,,,,1.9,3.3,3.4,146,152,151,75,70,100,,,,,,,,,
199405,104,115,117,9,18,15,119,124,128,116,128,130,,,,,,,,,,0.4,3.3,3.3,132,143,143,74,79,98,,,,,,,,,
199406,99,122,120,2,14,23,125,126,131,113,133,130,,,,,,,,,,0.5,3.1,3.2,135,152,152,77,68,99,,,,,,,,,
199407,106,126,122,1,23,27,111,127,133,115,131,133,,,,,,,,,,0.4,2.6,3.3,134,143,150,73,71,91,,,,,,,,,
199408,112,112,127,14,18,31,119,134,129,123,127,138,,,,,,,,,,0.5,2.5,3.4,136,155,154,64,83,94,,,,,,,,,
199409,92,104,123,-5,1,29,124,135,134,108,123,139,,,,,,,,,,1.7,2.6,3.3,143,140,164,63,77,88,,,,,,,,,
199410,101,92,131,8,-10,37,124,135,139,117,115,144,,,,,,,,,,1.5,2.9,3.2,144,158,151,62,77,96,,,,,,,,,
199411,100,98,130,8,12,26,117,123,131,113,111,136,,,,,,,,,,0.4,2.7,3.4,137,145,156,73,79,98,,,,,,,,,
199412,105,119,119,7,15,29,123,134,136,119,131,135,,,,,,,,,,0.8,3.3,3.4,141,153,161,60,78,104,,,,,,,,,
199501,116,119,128,11,11,21,119,137,133,123,138,146,,,,,,,,,,2.1,3.4,3.2,146,153,158,70,97,100,,,,,,,,,
199502,111,122,128,13,23,27,120,137,134,122,137,136,,,,,,,,,,0.8,3.8,3.1,138,164,159,71,92,93,,,,,,,,,
199503,98,96,137,2,4,32,111,120,131,107,109,143,,,,,,,,,,0.8,2.8,3,144,151,155,67,71,94,,,,,,,,,
199504,110,113,127,10,6,28,122,140,134,121,132,141,,,,,,,,,,0.4,3.1,4.1,135,146,158,73,88,97,,,,,,,,,
199505,103,112,130,3,17,28,126,116,130,122,118,140,,,,,,,,,,1.7,1.4,3.9,146,144,156,75,74,102,,,,,,,,,
199506,106,118,128,5,12,26,111,135,142,112,135,142,,,,,,,,,,1,2.4,3.6,136,153,161,65,79,101,,,,,,,,,
199507,99,114,127,2,13,26,117,135,138,106,130,140,,,,,,,,,,1.6,2.2,3.3,145,146,149,70,86,103,,,,,,,,,
199508,111,118,141,14,18,29,117,132,137,119,136,148,,,,,,,,,,0.5,2.6,3.8,133,156,161,67,100,99,,,,,,,,,
199509,98,120,124,1,21,26,111,125,128,105,131,133,,,,,,,,,,0.4,3.2,2.8,130,150,147,73,80,92,,,,,,,,,
199510,98,108,130,5,9,26,109,132,129,109,124,138,,,,,,,,,,1.2,3.3,3.4,135,148,156,68,90,93,,,,,,,,,
199511,101,106,121,4,8,23,113,129,135,112,126,138,,,,,,,,,,1,2.4,3.7,142,144,165,65,77,97,,,,,,,,,
199512,105,126,114,8,21,22,111,149,134,111,146,129,,,,,,,,,,1.2,2.6,3.1,135,153,161,68,88,96,,,,,,,,,
199601,113,113,120,10,16,24,124,133,141,127,126,137,,,,,,,,,,2.1,2.3,3.4,142,147,162,72,76,96,,,,,,,,,
199602,101,118,122,4,25,19,109,134,127,106,134,133,,,,,,,,,,0.5,3.2,3,131,151,152,72,85,94,,,,,,,,,
199603,105,122,115,2,19,10,122,141,134,119,142,130,,,,,,,,,,2.5,3.3,3.1,151,153,156,74,92,96,,,,,,,,,
199604,102,118,140,-4,12,33,118,146,132,116,144,148,,,,,,,,,,0.4,4.5,3.1,135,166,149,65,98,87,,,,,,,,,
199605,106,104,132,-1,13,31,109,126,140,113,119,148,,,,,,,,,,0.4,1,3.3,140,140,159,70,81,97,,,,,,,,,
199606,116,110,130,19,19,23,124,134,131,122,129,137,,,,,,,,,,0.7,1.9,3.1,142,146,161,68,76,91,,,,,,,,,
199607,108,109,127,1,20,24,126,130,132,126,123,135,,,,,,,,,,1.9,2.6,3.3,143,146,155,77,84,100,,,,,,,,,
199608,104,124,137,8,11,40,117,137,142,113,140,150,,,,,,,,,,0.5,3.3,4.6,134,159,159,66,96,112,,,,,,,,,
199609,97,112,124,1,12,29,128,134,131,119,136,135,,,,,,,,,,1.9,3.5,3.5,147,163,168,77,82,91,,,,,,,,,
199610,110,115,124,6,6,22,126,127,130,124,127,134,,,,,,,,,,1.3,3.3,3.6,141,163,158,69,91,101,,,,,,,,,
199611,112,120,135,15,26,30,126,140,139,126,139,146,,,,,,,,,,0.9,2.8,3.4,138,161,163,79,85,107,,,,,,,,,
199612,111,122,125,10,25,25,131,130,136,127,134,139,,,,,,,,,,1.7,3,3,148,169,160,75,86,94,,,,,,,,,
199701,110,121,121,7,26,19,118,136,136,122,136,140,,,,,,,,,,1.9,4.3,3,145,161,154,76,88,95,,,,,,,,,
199702,101,126,123,-1,16,31,123,149,141,117,144,142,,,,,,,,,,1.8,4.7,4.6,145,161,161,70,84,106,,,,,,,,,
199703,107,120,136,3,18,30,129,134,144,122,131,153,,,,,,,,,,0.3,3.3,4.1,130,166,166,71,79,104,,,,,,,,,
199704,121,126,152,19,10,47,120,142,136,129,142,157,,,,,,,,,,0.8,2.7,4.7,142,151,166,71,74,114,,,,,,,,,
199705,115,130,128,11,21,19,124,153,147,125,155,148,,,,,,,,,,1.7,3.1,4.7,147,153,161,70,90,107,,,,,,,,,
199706,115,129,140,13,23,27,129,128,135,130,138,148,,,,,,,,,,2.3,2,3.3,147,149,159,78,76,97,,,,,,,,,
199707,121,132,144,20,21,36,126,130,146,133,143,158,,,,,,,,,,1.8,3.2,3.2,147,156,165,75,87,94,,,,,,,,,
199708,112,113,136,13,19,35,136,135,144,132,128,148,,,,,,,,,,1.5,1.4,3.1,144,148,160,80,74,102,,,,,,,,,
199709,109,115,156,12,19,48,131,142,144,126,135,165,,,,,,,,,,-0.6,2.6,3.3,140,159,158,70,73,114,,,,,,,,,
199710,116,115,141,13,24,39,130,139,143,134,129,151,,,,,,,,,,1.2,3.1,4.6,139,166,164,71,88,117,,,,,,,,,
199711,118,138,141,15,31,36,131,145,146,134,151,157,,,,,,,,,,2.2,3.4,3.5,158,166,166,78,98,98,,,,,,,,,
199712,116,116,137,19,21,38,133,117,152,130,123,160,,,,,,,,,,1,1,4.7,144,133,178,80,72,119,,,,28.1,28.9,52.9,18.1,21.2,16.8
199801,120,116,133,13,17,34,133,141,151,135,138,155,,,,,,,,,,1.3,3,3.4,150,157,162,85,91,109,,,,26.7,36.9,50.9,12.3,22.6,14.6
199802,128,136,160,20,20,47,146,148,142,148,154,164,,,,,,,,,,2.4,3.3,4.3,151,167,169,90,91,110,,,,32.4,43.4,51.1,18.1,17.8,16.5
199803,112,126,149,14,25,44,132,134,135,129,139,152,,,,,,,,,,0.8,2.5,3.4,148,150,162,77,78,115,,,,30.8,40.3,49,13.7,22.8,14.7
199804,118,130,147,15,21,30,128,152,143,137,154,160,,,,,,,,,,0.6,2.9,3.9,141,161,162,85,96,107,,,,31.7,41.7,49.3,16.6,14.1,16.4
199805,110,135,152,11,27,45,125,141,142,121,149,161,,,,,,,,,,1,3.1,3.3,139,157,166,77,88,108,,,,28.4,42.6,49.3,14.4,19.2,18.9
199806,113,140,144,15,26,38,130,141,137,128,157,153,,,,,,,,,,1.2,2.7,3.5,148,159,161,80,92,110,,,,28.4,38.9,50.7,15,16.1,16.8
199807,116,136,141,15,33,37,125,141,149,130,147,157,,,,,,,,,,0.7,2.8,3.8,137,154,168,73,89,110,,,,28.6,39.4,53.5,14.9,16.4,18.9
199808,112,138,153,8,32,46,133,142,144,129,150,160,,,,,,,,,,1.5,2.9,4.6,147,152,161,92,91,116,,,,33.3,45.4,57.1,16.7,18.6,16.8
199809,120,118,141,18,16,34,127,139,135,132,130,148,,,,,,,,,,1.4,3.1,4.2,147,153,165,92,92,120,,,,33.8,41.4,51.5,17.8,19.9,18.1
199810,126,137,137,20,38,33,131,135,135,140,148,145,,,,,,,,,,1.6,3,3.2,149,160,152,81,87,108,,,,30.4,40.8,51.3,18.5,15.7,17.3
199811,120,127,141,23,28,35,129,129,133,132,137,145,,,,,,,,,,2.1,2.4,3.2,151,161,162,76,93,103,,,,33.3,42.1,47.8,20.1,17.2,15.7
199812,121,118,142,22,16,39,124,138,138,130,137,150,,,,,,,,,,1.8,3.2,3.1,151,168,157,71,88,102,,,,33.2,43.8,48.9,15.6,14.1,19.2
199901,113,135,152,15,36,44,120,143,138,125,148,156,,,,,,,,,,1.3,2.7,3.4,137,153,162,74,92,108,,,,31.2,42.1,53.1,18.5,16.5,17.1
199902,117,143,144,9,38,32,130,145,144,129,154,158,,,,,,,,,,0.5,3.7,4.3,139,165,168,85,99,107,,,,31.2,47.5,50.3,14.2,19.2,16
199903,123,136,131,19,38,29,125,136,140,136,145,146,,,,,,,,,,1.7,4,3.2,146,164,153,83,96,112,,,,34.1,43.7,54.1,17.3,17.9,16
199904,118,136,149,15,31,46,131,144,136,128,154,151,,,,,,,,,,1.3,2.9,3,142,162,160,72,87,96,,,,31.9,43.4,49.8,23,22.6,14.2
199905,120,133,145,17,30,37,125,142,142,129,149,157,,,,,,,,,,2.5,2.8,3.5,149,153,168,78,98,106,,,,31.7,43.6,52,20,16.7,18
199906,123,133,144,12,28,40,127,138,140,127,145,154,,,,,,,,,,2.5,4.2,3.6,149,170,164,72,85,116,,,,29,38.6,53.7,15.5,18.1,18
199907,118,135,146,13,30,41,129,140,142,134,146,157,,,,,,,,,,1.8,3.9,3.7,148,161,172,80,109,110,,,,31.6,49.5,52.1,22.3,15.6,20.3
199908,124,117,149,26,28,45,135,137,144,141,139,156,,,,,,,,,,2.8,3.9,3.3,154,167,163,78,83,99,,,,34.2,39.2,50.2,17.7,19.2,16.4
199909,117,135,150,12,33,43,125,141,144,129,147,160,,,,,,,,,,1.8,3.5,4.6,152,157,164,80,94,107,,,,33.3,40.8,51.5,15.9,18.6,16.6
199910,113,125,142,12,24,39,123,144,138,125,142,156,,,,,,,,,,1.9,3.5,3.4,150,169,165,83,81,106,,,,31.8,40.1,50.3,13.9,18.3,18.8
199911,121,150,149,23,31,42,128,147,144,132,165,158,,,,,,,,,,1.3,3,4.6,144,162,171,81,89,115,,,,31,46.6,52.5,15.6,20.7,16.7
199912,125,126,149,17,28,43,121,144,138,132,148,152,,,,,,,,,,1.4,2.9,3.5,148,169,160,79,93,109,,,,30.9,39.2,54.2,14.5,20.9,13.9
200001,116,138,154,15,40,45,136,136,149,139,149,166,,,,,,,,,,1.6,3.4,4.7,143,160,168,76,97,125,,,,30.9,43.1,54.8,15.7,14.2,16.5
200002,114,141,144,12,46,46,135,133,145,134,148,158,,,,,,,,,,2.4,3.2,3.6,154,159,164,81,91,113,,,,36.6,45.2,55.3,18,18.6,18
200003,122,117,155,15,21,53,119,145,150,127,135,166,,,,,,,,,,1.2,4.3,4.8,139,169,173,77,86,107,,,,30.9,42.8,52.1,16.3,16.6,17.7
200004,113,130,150,16,24,44,129,135,147,128,145,162,,,,,,,,,,1.9,3.6,4.1,147,167,159,79,106,107,,,,32.5,41.2,54.2,14.9,15.5,18.1
200005,122,156,143,18,47,44,125,142,144,135,167,158,,,,,,,,,,2,2.7,4.2,149,164,165,84,97,105,,,,31.9,44,49.3,13.2,15.3,17.9
200006,116,122,146,12,18,41,128,140,145,129,140,158,,,,,,,,,,2.3,2.9,3.9,155,157,166,72,90,108,,,,30.4,40.5,51.4,15.3,21.5,17.8
200007,118,134,139,16,27,34,124,145,150,130,151,155,,,,,,,,,,0.5,3.3,4.7,139,161,164,71,90,114,,,,32.1,41.2,50.7,16.5,20.9,18.8
200008,111,122,142,12,17,36,133,143,141,129,140,154,,,,,,,,,,1.8,4.1,4,148,166,161,78,100,115,,,,32.5,42.6,51.9,15.6,20.7,15.9
200009,108,128,136,10,28,36,115,143,142,115,140,149,,,,,,,,,,2.1,4.7,4.1,146,174,163,71,95,105,,,,26.6,47.7,47.6,16.7,17.4,17.5
200010,117,115,149,19,8,37,120,140,138,122,133,156,,,,,,,,,,1.7,2.8,4.6,140,157,168,76,83,104,,,,28.8,41.5,49.6,14.2,16.2,18.3
200011,110,137,151,13,26,42,132,137,142,129,155,160,,,,,,,,,,2.5,3.3,3.9,146,171,168,73,87,111,,,,33.5,43.8,51,16.7,14.5,18.5
200012,116,125,137,14,25,29,124,129,140,124,140,151,,,,,,,,,,1.6,2.9,4.6,144,148,168,85,88,108,,,,34.1,41.7,50.3,14.3,13.1,18.9
200101,118,119,128,15,21,32,120,129,130,125,130,135,,,,,,,,,,1.7,2.9,3.9,147,155,164,68,100,107,,,,32.9,41.9,47.5,13.8,18.2,17.7
200102,118,111,132,21,15,36,118,138,136,124,136,142,,,,,,,,,,2.5,3.9,3.4,142,161,160,82,92,108,,,,32.9,36.9,50.9,17.2,23.2,18.5
200103,117,103,130,16,17,28,122,130,137,124,119,146,,,,,,,,,,2,3.2,3.4,142,153,162,70,90,97,,,,30.5,40.3,47.4,18.7,19.1,16.9
200104,106,115,113,14,20,13,127,133,142,122,131,132,,,,,,,,,,0.6,2.7,3.4,142,139,151,85,63,103,,,,30.8,38.8,48.1,16.2,16.8,20.5
200105,93,111,133,3,20,34,124,122,138,110,120,145,,,,,,,,,,1.9,3.3,3.8,141,159,163,74,77,104,,,,35.1,36.8,52.1,18.7,17,18.5
200106,102,123,129,7,13,27,115,130,137,113,136,144,,,,,,,,,,1.5,1.8,3.9,141,150,154,69,93,105,,,,32.2,36.1,53.7,17.5,19.4,17.8
200107,110,113,118,10,16,24,121,133,146,122,128,140,,,,,,,,,,0.6,2.7,3.1,134,155,152,81,86,106,,,,31.2,40.4,49.1,20.2,19.8,19
200108,111,113,125,11,10,23,120,125,135,123,126,143,,,,,,,,,,1.2,3,3.8,144,149,157,80,94,110,,,,31.7,39.4,52.7,13.7,21.6,21.6
200109,93,114,118,5,2,15,126,127,129,109,122,130,,,,,,,,,,0.3,2.3,2.9,131,149,150,75,83,98,,,,29.4,41.9,48.1,18.1,19.9,21.4
200110,97,118,110,2,14,8,121,123,136,111,127,127,,,,,,,,,,-1.6,2.2,2.9,139,145,146,74,91,103,,,,28.1,44.3,46.4,12.9,15.4,21.3
200111,109,106,105,4,7,4,124,140,141,121,129,130,,,,,,,,,,0.6,3.3,2.8,139,151,148,72,93,108,,,,29.5,43.8,48.7,20.4,17.7,19.9
200112,99,109,117,1,16,20,124,149,146,115,138,140,,,,,,,,,,1.9,3.3,3.8,142,156,157,82,98,112,,,,30.2,44.9,55.1,21,17.6,18.3
200201,96,103,113,3,7,17,130,145,149,121,130,139,,,,,,,,,,-0.6,2.8,3.9,131,154,158,75,99,115,,,,36.5,42.9,54.9,20.1,16.6,18.7
200202,96,97,118,-2,-1,17,131,136,142,118,123,140,,,,,,,,,,1.2,4.3,3.5,144,163,160,75,98,106,,,,31.4,44.4,53,13.5,22.1,23.8
200203,105,123,115,2,15,16,123,144,143,120,140,135,,,,,,,,,,-0.5,2.5,3.5,130,149,155,75,101,103,,,,31.4,46.3,49.8,17.9,17.1,20.4
200204,107,122,114,-3,30,13,126,142,136,123,141,134,,,,,,,,,,1.5,3.1,3.2,147,154,158,82,100,98,,,,29.7,47.2,46.9,17.2,17.2,22.6
200205,100,108,120,0,-2,13,131,141,138,120,127,140,,,,,,,,,,1.1,3.3,3,137,160,155,72,96,104,,,,30.8,45.3,49.1,18,16.5,20.4
200206,92,94,118,-9,-2,13,128,141,144,117,121,137,,,,,,,,,,1.4,2.9,3.5,139,152,157,66,76,106,43.4,48.6,62.2,30.1,43.3,52.8,21.9,17.5,22.2
200207,100,104,113,-5,0,14,129,127,141,119,119,133,,,,,,,,,,2.7,2.2,3.7,150,145,158,71,84,104,41.5,51.5,60.9,33,42.5,52.2,17,21.4,23.6
200208,113,81,121,4,-8,26,124,136,134,123,108,136,,,,,,,,,,1.7,2.2,3.2,140,147,154,81,91,109,42.2,50.2,59.3,30.1,42.2,48.4,16.8,23.2,24
200209,96,116,102,4,13,8,118,137,137,111,137,124,,,,,,,,,,1.2,3.2,3.2,142,160,160,72,99,100,42.2,55.6,62.5,28.9,42.6,47.4,17,18.2,21.3
200210,95,101,102,1,8,12,122,139,138,111,125,124,,,,,,,,,,1.8,2.5,3.1,138,147,151,74,93,100,38.1,50.6,58.6,33,43.6,49.7,20.8,19.4,23.6
200211,89,95,106,-6,-1,12,120,136,133,106,118,128,,,,,,,,,,1.4,3.2,3.1,141,151,155,81,91,101,41.2,53.1,59.7,35.7,39.5,50.7,21.7,20.3,22.4
200212,94,102,115,1,6,16,124,142,142,115,131,135,,,,,,,,,,1.1,2.6,4.5,137,144,160,74,81,116,45.7,50.6,62,32.4,42.1,52.5,18.2,25.8,23.9
200301,87,110,122,0,7,22,122,127,128,106,129,131,,,,,,,,,,0.5,2.6,3.4,135,144,152,84,74,101,38.1,52,57,32,41.7,49.1,16.4,20.9,23.1
200302,108,88,104,6,-9,4,125,138,124,120,119,119,,,,,,,,,,1.7,2,2.5,138,147,152,78,75,86,37.9,48.3,55.7,31.8,43.1,46,23,22.1,21.9
200303,83,94,110,-8,-4,15,119,131,135,102,117,126,,,,,,,,,,1.1,2.8,3.4,138,149,149,71,84,103,40.4,55.4,60,31.3,38.6,51,19.3,23,21.1
200304,108,107,116,5,9,11,129,138,131,123,131,129,,,,,,,,,,0.4,3.1,3.1,135,161,148,76,87,102,42.9,57.7,54.3,34.2,45.3,48,18.9,22.2,22.7
200305,85,100,105,-14,-2,16,135,148,136,111,136,124,,,,,,,,,,1.8,2.4,3.1,139,149,148,72,86,105,36.6,48.3,54.5,35.5,36.9,49.5,25,20.3,19.8
200306,97,98,108,-3,4,9,123,144,142,114,124,132,,,,,,,,,,1.2,3,2.9,132,157,155,73,94,98,39.4,53.2,52.6,32.9,39.7,47.1,19.7,22.3,21.1
200307,102,103,121,2,13,11,131,140,137,124,124,134,,,,,,,,,,2.2,3.3,4.1,135,160,157,76,93,101,42.7,51.3,59,35.2,44.6,48.7,20,20,21.8
200308,91,116,120,3,6,15,114,134,128,99,128,132,,,,,,,,,,0.6,4.1,3.2,128,157,150,72,91,100,42.1,45.6,57.7,30.5,39.6,50.6,17.8,20.5,21.8
200309,84,96,129,-1,-8,32,124,149,134,105,128,138,,,,,,,,,,1,3.5,2.8,140,156,161,78,89,97,38,52.4,59.1,28.5,38.5,50.5,22.3,18,21.6
200310,91,118,121,-9,12,23,113,135,133,106,134,134,,,,,,,,,,0.5,2.1,2.7,136,155,155,81,81,98,38.8,49.7,56.9,30,39.7,48.1,21,21,20.7
200311,85,118,118,-6,15,11,113,145,130,93,140,131,,,,,,,,,,0.4,2.8,3.2,129,159,161,73,103,101,39.7,56.4,62.2,31.3,43.8,48.7,24.7,21.4,20.5
200312,87,116,114,-11,11,18,112,127,127,100,126,125,,,,,,,,,,2.1,2.5,3.1,146,155,154,70,91,93,40.1,58.9,56.6,31.3,38.6,45,25.4,24,24.3
200401,101,124,132,0,23,25,133,133,141,119,138,148,,,,,,,,,,1.8,2.9,3,143,153,157,90,92,99,44.5,51.5,59.2,31.3,43.6,46.2,23.8,18.3,22.2
200402,95,111,128,4,10,28,122,127,134,114,125,138,,,,,,,,,,1,2.3,3.4,133,151,163,68,83,104,37.6,51.1,65.7,31.3,39.1,50.2,18.7,23,19.3
200403,101,113,127,2,14,22,131,145,130,120,139,137,,,,,,,,,,1.8,2.9,3.1,147,164,160,81,79,101,42.9,53.8,61.1,33.7,37.2,47.6,20.9,22.6,17.6
200404,102,120,119,-1,14,12,127,135,136,119,142,132,,,,,,,,,,0.8,2.4,3.1,132,145,151,68,78,100,38.3,49.9,59.3,32.1,37.7,48.6,23.1,21.7,21
200405,95,108,134,-7,14,26,121,123,130,114,117,138,,,,,,,,,,0.8,2.7,3.4,137,158,161,66,75,99,41.7,57.5,67.3,28.9,40,49,22.7,20.4,22.8
200406,90,112,133,-8,19,29,113,142,135,103,130,140,,,,,,,,,,0.5,3,4.1,132,157,166,64,81,101,42.9,57.4,63.7,31.3,42.4,47.3,17.9,26.4,20.8
200407,98,118,128,4,21,20,125,139,139,116,136,139,,,,,,,,,,1.2,2.7,3,134,164,157,72,79,103,41.4,52.2,61.6,30.1,39.4,52.3,20.9,22.9,18.9
200408,111,114,141,13,16,32,129,136,133,125,133,148,,,,,,,,,,0.8,2.8,3.5,140,157,165,68,75,106,41.4,54.9,65.9,28.6,37.2,55.1,16.4,18.2,18.8
200409,97,116,125,3,7,29,128,128,129,118,130,131,,,,,,,,,,1.3,2.5,3.2,138,156,157,64,79,102,43.2,49.4,62,30.8,41,48.5,20.2,17.6,18.2
200410,107,109,121,2,19,28,118,137,128,115,125,129,,,,,,,,,,0.7,2.6,3.1,140,155,152,62,87,93,38.9,56.6,60.4,28.4,41.5,47.2,20.8,25,23.9
200411,108,114,117,5,19,19,116,132,127,115,128,123,,,,,,,,,,1.6,2.3,3.9,142,149,167,66,73,104,44.7,52.7,65.6,29.2,42.3,52.1,15.8,21.3,20.8
200412,100,113,122,1,9,22,117,136,136,112,130,134,,,,,,,,,,1.1,3.2,3.4,143,162,166,66,98,104,44.5,59.2,60.8,30,44,49.2,16.1,19.7,17.1
200501,102,127,136,6,19,33,128,132,138,119,138,147,,,,,,,,,,1.2,3,3.5,141,170,167,67,81,99,41.5,56.9,59.7,29.6,38.9,50.4,13.8,21.2,19.1
200502,114,114,135,7,17,30,117,134,133,123,129,145,,,,,,,,,,0.5,2.5,3.3,136,145,169,70,83,104,39.2,51.1,64.2,31.3,38,50.8,17.4,18.1,20
200503,96,123,134,-11,24,27,129,130,131,116,137,138,,,,,,,,,,1.4,2.2,3.1,141,149,160,67,83,94,37.4,50.4,63.6,29,38.7,50.6,19,19.6,19.6
200504,100,111,127,-3,17,30,115,128,121,110,125,130,,,,,,,,,,0.4,2.1,3,133,144,158,63,73,89,38.3,50.1,58.5,29,38.2,43.8,19.1,25.2,22.4
200505,102,109,117,0,11,19,106,127,128,105,125,126,,,,,,,,,,1,2.4,3.3,140,149,158,67,67,94,41.4,55.2,58.4,28.4,34.1,47.6,16.6,22.5,20.2
200506,109,127,130,8,22,27,126,131,129,119,140,139,,,,,,,,,,0.5,2.2,2.7,135,148,156,66,78,94,43.8,53.7,63.2,27.3,38.3,47.6,17.4,18,21.9
200507,114,123,130,15,18,34,126,144,132,128,142,137,,,,,,,,,,1.4,2.9,3.1,141,161,155,64,91,96,38.3,58.5,60.4,30.4,44.8,48.3,16.6,19.6,19
200508,103,116,130,4,14,20,115,128,124,112,128,134,,,,,,,,,,0.4,2,3.2,132,138,162,61,77,92,35.8,48.9,63.7,27,38.3,43.5,17.1,18.6,19.9
200509,81,108,120,-5,14,30,104,122,119,91,118,126,,,,,,,,,,0.8,2.2,3.2,130,145,160,56,73,98,34.3,52.9,60.7,26.6,37.9,47.5,18.2,16.9,20.7
200510,87,89,112,-1,-3,24,104,117,115,95,102,120,,,,,,,,,,1.5,2.2,3,147,141,157,65,61,88,39.1,51.7,58.9,27.8,31.4,43.4,16.2,18.5,18.1
200511,82,95,123,-1,6,32,110,117,119,95,110,121,,,,,,,,,,1.6,1.4,3.1,137,149,157,65,60,92,42.3,47.6,61.4,29.3,33.4,47.2,16.9,20.4,17.7
200512,105,117,134,6,17,33,120,132,136,117,133,146,,,,,,,,,,1.4,3.4,3.4,137,172,168,59,84,111,41,62.4,65.5,28,35.6,50.6,16.8,18.5,15.7
200601,109,115,130,1,19,26,106,136,123,111,130,133,,,,,,,,,,1,2.2,3.1,137,160,156,62,79,89,37.9,55.8,55.6,28.4,39.4,43.7,16.6,18.9,20
200602,93,106,138,0,10,35,119,131,117,104,123,136,,,,,,,,,,0.8,2.3,3.3,140,143,153,63,75,92,38.2,48.6,63.4,24.5,34.8,45.9,19.5,22.1,20.6
200603,100,120,133,16,22,34,106,130,133,106,132,143,,,,,,,,,,0.4,2,3.3,132,144,160,60,65,103,35.1,49.3,63.6,25.6,39.6,47.7,18.3,13.8,15.6
200604,101,123,134,5,15,33,119,126,130,112,132,140,,,,,,,,,,1.2,2.8,3.4,137,159,164,65,69,111,37,44.1,60.3,24.2,32.5,49,19,22.3,16.6
200605,86,97,121,-5,6,27,107,110,119,96,108,122,,,,,,,,,,0.5,2.8,2.5,132,152,151,66,67,83,34.2,46.9,58.5,27.5,33.3,41.9,20.2,22.3,18.5
200606,92,109,138,-2,11,39,112,119,131,104,117,144,,,,,,,,,,0.5,2.1,3.4,129,149,166,53,66,99,40.4,49.7,65.7,27.6,30.5,47.7,14.7,18.6,16.4
200607,96,106,128,1,7,26,116,120,131,106,117,134,,,,,,,,,,1.6,1.4,3.2,141,135,151,69,70,103,40.3,46.9,60.9,29.5,33.6,46.7,11.5,19.3,19.3
200608,94,108,129,-6,14,32,107,109,122,101,112,137,,,,,,,,,,1.1,1.4,3.3,143,138,171,66,77,98,36.8,47.4,69,26.9,36.6,46.8,13.7,15.9,15.8
200609,89,97,110,-1,6,19,115,126,126,99,114,122,,,,,,,,,,0.5,1.5,3.1,135,152,154,68,73,99,38.8,50.3,63.8,28.6,33.4,48.1,15.8,18.5,21.7
200610,99,122,134,1,23,37,115,137,142,109,133,144,,,,,,,,,,1.9,2.7,3.5,141,161,167,72,84,114,39.6,55.6,67.9,28.8,38.9,54.2,14.2,20.1,18.8
200611,108,118,130,16,14,28,123,127,127,119,125,136,,,,,,,,,,2,2.7,3.3,140,154,158,69,82,94,41.3,55,58.3,29.9,39,47.4,22.5,16.5,16.5
200612,102,113,143,9,12,32,109,126,139,111,125,151,,,,,,,,,,1.6,2.6,3.5,138,144,165,68,79,109,38.1,55.2,64.7,32.5,39.5,52.1,17,16.8,16.8
200701,111,122,137,1,14,26,126,128,129,125,133,146,,,,,,,,,,1.3,2.8,3.4,147,158,163,69,85,100,42.9,53.1,63.6,31.1,34.2,50.5,16.6,16.6,17.4
200702,92,117,146,-5,13,30,115,117,133,105,124,154,,,,,,,,,,0.4,2.6,3.3,135,160,159,69,72,102,37.7,51.7,61.8,27.3,36.3,49,14.1,13.1,17.5
200703,92,110,130,-8,10,24,114,130,135,103,124,142,,,,,,,,,,2.2,2.3,3.2,146,152,159,65,75,100,42.3,53.5,60.7,31.8,35.3,46.4,16.3,21.5,17.1
200704,101,118,140,6,20,35,119,135,132,113,133,144,,,,,,,,,,0.5,2.7,3.1,136,166,159,67,70,98,41.3,55.3,64.2,30.8,35.4,48.1,13.9,15.1,15.2
200705,96,109,129,5,9,31,119,127,128,107,125,139,,,,,,,,,,0.6,2.5,3.4,132,153,153,65,61,98,43.4,54.5,59.6,28.9,35.6,45.6,16.1,15.3,16.1
200706,93,115,125,2,10,19,108,118,127,100,122,128,,,,,,,,,,1.2,2.3,3.3,132,148,157,60,64,95,41.4,50.1,59.4,27.9,35.3,45.7,18.7,20.1,18.2
200707,92,116,134,-1,13,33,115,127,132,104,132,141,,,,,,,,,,1.4,2.8,2.9,140,152,158,63,70,95,42.9,51.7,62.9,30,34.8,48.4,16.2,19.8,15.8
200708,86,93,126,2,1,32,114,122,124,101,109,131,,,,,,,,,,1.5,2.5,3,142,148,151,62,66,89,40.2,48.3,57.4,30.6,36.9,45.6,18,18.7,20.3
200709,100,91,132,-6,4,25,111,126,121,106,107,136,,,,,,,,,,0.5,2.2,2.8,136,149,158,61,62,87,39.8,55.8,60.6,27.2,33.1,43.1,15.5,20.7,14.4
200710,97,103,129,2,7,24,106,128,124,100,117,135,,,,,,,,,,0.8,2.2,3.2,136,145,165,64,63,94,39.3,52.7,64.4,26.5,34.1,46.3,14.6,17.9,18.6
200711,82,98,118,-1,5,26,98,125,120,85,114,126,,,,,,,,,,0.5,2.3,3.1,125,157,157,66,72,100,40.4,50.8,63.7,28.8,32.1,47.3,16.6,15,16.8
200712,99,80,114,7,-8,18,110,113,115,103,92,120,,,,,,,,,,1.4,2.7,3.2,143,151,157,65,66,90,41,52.6,61.5,26.9,34.6,43.1,16.3,21,18.9
200801,87,91,112,-2,1,16,105,126,119,92,110,123,,,,,,,,,,1.5,2.5,2.7,137,154,150,61,81,92,42.8,52.9,56,27.1,37.3,42.6,17.1,19.5,16.3
200802,80,84,112,0,4,13,105,111,119,90,96,118,,,,,,,,,,1.6,1.3,2.7,137,136,143,64,53,85,38,40.7,56.1,26.1,29.3,45.7,16.6,19.7,20.8
200803,81,81,111,-1,-1,24,102,116,116,88,97,119,,,,,,,,,,1.4,2.1,3.2,146,148,153,62,65,83,34.2,50,56.9,23.9,33.7,42.7,14.2,21.5,17.4
200804,77,71,108,-6,-13,17,98,105,99,81,80,105,,,,,,,,,,0.3,1.5,2.5,121,134,144,55,51,76,34.9,41.9,54.9,22.4,32.1,43.1,16.9,21.7,19.4
200805,69,74,93,-12,-9,10,87,108,99,72,87,98,,,,,,,,,,0.4,2.1,2.9,118,140,151,59,59,77,30.9,45.1,58.9,23.9,31.8,42.9,16,17.1,18.5
200806,64,62,81,-6,-1,3,90,100,100,71,72,85,,,,,,,,,,0.9,1.9,2.6,128,137,145,43,54,64,36.3,48.6,58.6,28.1,32.7,37.2,19.4,22.3,18.3
200807,64,73,83,-5,9,7,95,113,108,69,88,96,,,,,,,,,,0.4,2,2.9,120,138,146,56,67,77,32.5,46.2,53.9,23.4,31.3,42.8,15.4,14.7,17.8
200808,64,55,91,-16,-12,11,87,105,119,68,67,105,,,,,,,,,,0.5,1.3,3.1,127,139,153,47,57,78,35.6,44.7,62.3,25.6,29.5,41.7,17.8,18.3,18.1
200809,72,84,99,-7,-1,19,119,121,121,88,102,111,,,,,,,,,,1.6,2,3.2,144,149,155,63,59,88,42.9,56.6,61.2,30.1,32,42.6,16.3,18.9,17.8
200810,57,60,63,-19,-8,-13,94,106,118,66,79,86,,,,,,,,,,-0.6,1,2.3,125,131,140,50,63,85,34.2,43,54.9,26.9,27.3,41.1,19.4,20.5,18.9
200811,53,66,58,-21,-14,-7,105,101,112,68,77,72,,,,,,,,,,0.3,1.2,2.1,117,128,142,63,64,76,37.2,40.4,50.6,26.4,30.7,41.5,20.1,21.3,20.5
200812,66,62,57,-14,-19,-17,107,112,107,80,80,72,,,,,,,,,,0.8,0.6,0.5,127,126,127,52,63,69,39.4,36.1,46,26.4,29.5,38.5,17.1,24,20.2
200901,63,69,78,-15,-14,5,103,118,120,72,89,99,,,,,,,,,,0.3,0.9,1,114,120,128,64,62,83,31.4,45,47.9,25.5,32.5,40.9,19.6,18.3,19.9
200902,69,55,72,-18,-24,-4,92,105,110,76,70,84,,,,,,,,,,0,0.6,2.5,99,123,137,61,60,86,29.9,39.6,51.2,26.7,29.8,41.9,24.3,21.8,18.7
200903,55,55,76,-21,-32,-7,108,101,105,74,69,83,,,,,,,,,,0.1,0.1,0.3,103,106,116,57,59,78,27,35.6,43.7,27.1,29.6,39,20.8,30.5,22.7
200904,68,61,79,-16,-24,-7,102,119,125,76,85,103,,,,,,,,,,0.1,0.3,0.7,105,117,125,55,58,82,32.3,39.4,42.5,27.3,30.8,38.7,17.2,23.4,20.9
200905,55,52,72,-31,-28,-13,111,115,116,73,72,93,,,,,,,,,,0,0.2,0.4,101,109,117,55,59,74,29,33.1,43.2,26.7,30.1,37.4,22.3,22.4,19.8
200906,62,63,74,-26,-27,-12,111,131,122,77,95,98,,,,,,,,,,0.2,0.9,0.4,111,129,120,61,56,75,33.2,45.9,41.7,30,31.4,37.1,20.5,26.4,18.9
200907,72,62,74,-22,-25,-19,105,117,108,82,82,89,,,,,,,,,,0.2,0.4,0.2,111,120,109,59,66,73,31.4,40.6,39.2,25.1,30.1,39.5,17.8,23.9,21.1
200908,47,66,60,-22,-22,-16,96,110,124,64,87,82,,,,,,,,,,0.2,0.4,1.1,109,119,132,53,62,82,26.1,40.8,48.8,25.4,30.5,38.6,19.1,23.4,20.2
200909,59,63,81,-30,-26,-9,100,120,125,70,86,102,,,,,,,,,,-0.1,0.3,0.4,94,114,126,53,69,84,24.8,43.6,46,23.1,35.9,39.4,21.6,22.7,21.1
200910,62,67,77,-23,-22,-18,111,108,128,75,79,98,,,,,,,,,,0.1,0.3,0.5,105,115,130,56,57,72,31.1,34.2,47,26.1,26.4,39.5,16.6,17.1,21
200911,49,67,71,-31,-30,-27,98,121,118,63,89,91,,,,,,,,,,0,0.3,0.5,104,118,129,49,64,80,29.8,36.3,43,25.6,27,40,18.2,22.1,21.1
200912,67,73,77,-19,-24,-15,112,114,120,81,91,96,,,,,,,,,,0.2,0.5,1.7,113,124,133,61,62,82,31.9,44.6,46.5,25.6,36.5,38.2,21.8,23.6,17.6
201001,62,72,96,-25,-24,-7,101,114,116,69,87,106,,,,,,,,,,0.1,0.4,0.8,101,121,136,56,71,76,29.3,40.6,45.4,29.8,29.5,41,18.8,22.6,20.4
201002,65,76,83,-19,-17,-14,111,111,106,86,89,90,,,,,,,,,,0.1,0.3,0.3,105,120,123,54,65,72,29.1,39.9,46.6,28.2,29.6,37.6,21.6,21,21.7
201003,68,82,79,-25,-24,-19,112,101,118,85,94,95,,,,,,,,,,0.2,0.3,0.6,106,118,126,58,62,78,33.1,34,47.1,24.8,27.9,38.5,19.5,20.5,18.8
201004,84,69,75,-8,-22,-25,99,109,115,92,86,90,,,,,,,,,,0.1,0.2,0.7,111,112,131,58,62,74,28.9,38.2,43.1,26.1,26.8,40.7,19.7,24.5,20.3
201005,56,81,93,-23,-26,-5,100,111,118,67,94,109,,,,,,,,,,0,-0.8,1.4,102,113,138,59,56,76,24.5,34.8,47.4,23.1,29.9,40.4,19.4,24.8,19.5
201006,71,79,92,-20,-20,-9,105,118,124,81,96,110,,,,,,,,,,0,0.4,1.5,105,128,137,56,57,84,27.2,35.9,46.3,24.9,27.6,38.4,19.2,16.9,19.9
201007,66,70,83,-21,-20,-12,101,114,111,74,93,96,,,,,,,,,,0.1,0.2,0.4,110,115,126,54,60,68,26.7,36.1,42.5,22.9,28.7,37.8,17.6,17.8,21.1
201008,61,81,99,-32,-21,2,97,117,106,68,98,102,,,,,,,,,,0.1,0.4,0.5,105,126,132,50,58,80,22.4,41.2,44.8,23.4,33,40.6,20.1,19.2,18.7
201009,68,75,94,-22,-19,0,107,104,112,83,83,105,,,,,,,,,,0.2,0.3,1.3,113,121,136,57,63,76,33.5,39.3,47.8,27.4,29.3,35.5,18.3,19.2,19.8
201010,79,73,82,-3,-16,-12,98,112,118,84,90,99,,,,,,,,,,0.2,0.3,0.8,112,121,128,55,62,79,27.8,36,46,22.9,29.9,38.9,18.5,20.1,18.1
201011,63,71,101,-24,-21,2,97,99,125,69,79,116,,,,,,,,,,0.1,0.3,2,103,116,141,59,48,90,24.6,32.9,55.5,22.7,27.6,43,19.4,22.5,20.6
201012,74,71,93,-21,-23,-6,114,111,111,91,86,105,,,,,,,,,,0.2,0.3,1.7,111,122,144,57,55,76,34,35.9,49.9,25.1,27,40.8,20.6,18.3,20.2
201101,76,82,92,-4,-18,-8,105,100,122,89,90,108,,,,,,,,,,0.1,0.1,0.5,108,106,132,53,52,69,31.6,27.8,46.2,25.7,24.5,37.8,21.4,17.1,21.1
201102,67,87,115,-25,-9,5,101,120,119,77,103,125,,,,,,,,,,0,0.2,0.5,104,115,129,53,46,77,24.1,39.3,42.8,23.1,28.2,36.1,17.5,23.6,18.8
201103,59,68,102,-22,-21,7,92,103,110,64,80,107,,,,,,,,,,0,0.2,0.4,93,112,125,49,57,64,27.7,32.4,45.8,22.9,24.6,33.5,14.2,20.4,21.8
201104,64,65,103,-19,-23,-1,94,93,116,72,76,113,,,,,,,,,,0.1,0.2,1,104,110,138,50,49,71,27.8,31.5,49.8,22,25.9,38.7,17.3,22,19.6
201105,64,68,108,-8,-13,10,92,109,114,70,86,116,,,,,,,,,,0,0.2,1.7,101,113,139,41,46,72,28.4,37.5,47.7,23.5,26.5,35.9,17.7,18.3,20.3
201106,58,85,102,-20,-8,-1,100,108,114,72,102,109,,,,,,,,,,-0.1,0.6,0.4,94,132,123,46,60,58,24.5,41.7,41.4,20,31.6,34.5,21.3,20.1,21.4
201107,58,70,97,-17,-21,-3,101,103,104,72,81,100,85,67,113,105,123,137,85,91,130,0,0.2,0.5,102,119,129,55,63,74,28.7,35.9,45,22.1,28.3,36.4,17.7,24.6,18
201108,53,59,86,-26,-29,-6,94,101,102,67,66,93,82,82,108,107,111,127,93,94,119,0,-0.8,0.4,100,113,121,49,63,66,26.4,32.5,44.4,25.3,32.5,37.5,17.6,18.2,18.3
201109,71,63,90,-13,-20,-1,105,100,106,80,71,97,76,83,90,117,126,125,89,104,106,0.1,0.2,0.3,105,113,120,57,43,58,29.2,33.4,39.4,24.8,25.1,30.1,14.8,20.1,16.9
201110,69,61,95,-17,-25,-1,95,97,111,74,71,102,91,74,94,115,121,134,105,93,112,0.1,0.1,0.4,109,104,128,60,38,76,29.8,35.4,47.5,27.5,23.4,38.9,17.8,23.4,23
201111,64,68,99,-18,-15,6,103,102,111,74,76,107,75,70,105,107,129,135,92,93,126,0.4,0.1,0.9,121,111,133,41,54,74,31.3,33.1,44.8,22.7,27.4,36.5,18.7,17.8,17.1
201112,70,85,78,-20,-10,-19,107,108,109,82,94,91,81,78,88,120,124,129,97,98,107,0.1,-0.7,0.8,114,122,137,47,59,67,29.1,38.6,41.8,24.9,29.5,35.3,18.9,23.8,16.1
201201,74,87,99,-10,-8,-1,105,114,117,87,97,108,77,82,93,119,135,134,96,110,116,0.4,0.4,0.5,123,124,134,59,52,68,33.2,36.6,46.5,27.4,26.8,39.3,18.4,22,16.6
201202,79,82,96,-12,-11,-5,103,112,113,91,94,106,89,72,99,110,126,131,97,97,112,0.3,0.2,0.8,121,115,131,60,64,62,30.5,39.5,45,21.1,27.4,33.1,13.9,24.5,19.3
201203,85,98,102,-4,3,6,103,108,119,90,109,115,89,89,93,117,132,134,100,112,116,0.2,0.8,0.8,106,129,138,56,56,70,30,39.4,47.8,27.9,29.5,37.9,16.9,16.8,17.4
201204,72,82,106,-17,-2,4,105,108,117,83,93,113,87,68,104,115,121,132,98,89,120,0.3,0.2,0.6,126,113,137,52,53,69,27,37.1,46.6,24.8,28.7,34.7,18.3,20.2,17.5
201205,82,81,110,-7,-10,10,104,105,125,92,93,123,85,78,113,116,125,137,101,99,131,0.2,0.7,1.1,114,129,128,57,58,78,26.5,36.6,49.2,26.1,28.8,39.1,17.2,18.1,18.6
201206,75,86,92,-19,-18,-8,109,107,113,89,92,105,96,85,105,117,116,121,106,102,114,0.2,0.3,0.5,113,118,131,51,44,65,28.3,33.1,46.6,25.1,23.5,37.8,18.5,22.4,17.2
201207,72,84,91,-19,-8,3,102,109,113,82,89,105,79,84,103,115,126,130,93,104,119,0.2,0.3,0.7,123,117,127,55,52,76,25.2,37.9,44.5,23.9,26.5,37.7,13.9,20.8,19.9
201208,89,74,103,-2,-19,3,107,110,108,94,88,109,82,77,99,111,124,126,94,98,118,0.3,0.4,0.9,122,125,134,56,49,68,32.7,33.3,47.7,24.3,29,33.5,15.1,17.6,18.2
201209,86,73,102,-6,-19,-2,112,109,116,98,86,112,97,87,101,124,128,131,113,102,120,0.3,0.4,0.5,122,119,134,52,53,69,33.8,34,46.6,25.5,24.7,38.1,13.3,19,18
201210,89,93,110,-2,13,7,103,124,123,94,112,118,93,77,104,116,127,139,107,100,122,0.4,1.1,1,124,131,144,52,54,73,30,42.4,53.3,27.1,26.5,41.7,15.6,21,19.9
201211,80,95,113,-10,5,5,104,120,123,90,113,124,83,93,114,116,134,135,101,112,127,0.2,1.1,1.3,110,140,139,49,61,87,35,40.7,48.1,23.1,29.6,39.9,17,21,18.1
201212,87,91,94,-7,0,0,94,109,105,89,98,99,87,81,107,98,113,124,87,98,115,0.2,1.3,0.4,115,139,128,49,55,68,30.8,41.5,44.7,22.4,27.6,34.2,15.6,18.6,17.9
201301,63,100,92,-29,-1,5,93,120,110,76,110,99,73,96,112,109,124,127,89,111,125,0.3,0.7,0.4,113,138,126,50,71,69,30,41.2,45.5,27.9,31.7,37.2,18,20.6,19.5
201302,80,82,103,-8,-10,6,105,103,117,95,93,118,82,86,101,122,119,130,97,99,119,0.3,0.4,1.3,114,124,137,49,52,71,34.3,40.4,47.5,25.3,31.1,39.5,19,18.3,16.7
201303,78,91,109,-8,-10,10,99,114,114,80,101,117,87,97,120,108,132,126,95,111,125,0.3,0.4,-0.5,121,125,132,55,61,80,30.6,37.9,48,24.6,30.3,38.6,17,14.8,21.3
201304,81,95,106,-13,-4,11,94,110,108,84,103,112,80,89,103,114,125,126,96,104,116,0.3,0.3,0.7,122,126,133,59,64,75,31.4,34.9,50.4,23.8,31.3,37.7,18.6,19.6,20.9
201305,96,98,121,-9,4,17,106,113,124,99,108,129,103,97,120,114,124,141,116,114,135,0.2,0.8,1.4,116,131,136,53,63,80,30.4,41.4,48.4,29.2,29.2,41.2,19.4,20.7,20.5
201306,76,91,124,-10,-4,22,107,121,119,88,105,128,86,90,123,112,131,131,98,106,128,0.2,0.4,1.4,114,133,142,57,70,76,31.9,39,47.9,27,30.8,40.3,17.3,16.3,20
201307,96,108,110,2,13,5,113,117,110,106,119,113,99,105,118,118,133,129,107,120,126,0.4,0.9,1,122,140,138,63,64,76,34,44.6,50.9,31.5,36.7,39.7,17.4,17.4,20.5
201308,81,96,121,-19,-6,13,106,120,127,93,106,131,98,86,121,120,125,137,106,104,133,0.4,0.4,2,118,128,144,60,64,79,25.3,45.1,49.2,25.3,33.9,39.7,20.1,20.2,18.8
201309,88,94,103,-5,-8,4,110,103,113,93,100,116,86,92,108,110,125,131,102,107,121,0.3,0.4,1,115,127,137,47,62,70,30.6,38.9,45,26.2,31.7,37.3,21.9,19.1,19.1
201310,76,90,111,-5,0,9,99,108,110,82,100,113,100,94,108,111,125,129,110,108,119,0.1,0.9,1.2,103,134,137,48,64,82,23.6,44.5,49.7,22.8,32.9,36.5,13.6,20.8,18.4
201311,69,69,110,-15,-15,8,90,90,116,72,72,118,94,94,116,105,105,129,97,97,128,0.2,0.2,0.9,119,119,140,49,49,82,28.8,28.8,49.4,24.2,24.2,38.7,19.2,19.2,18.6
201312,62,105,113,-21,3,9,90,114,113,67,114,115,81,96,122,98,127,121,85,111,123,0.1,1.1,1,107,146,136,46,63,75,24.2,47.6,50.4,20,33.9,40.3,15.2,15.6,19
201401,86,101,115,1,4,15,102,121,117,94,116,126,100,105,125,101,147,127,98,124,133,0.4,1,0.4,118,132,133,56,72,82,36.9,46.9,49.3,25.7,36.2,38.6,14.5,17.1,15.9
201402,82,97,109,-10,-4,8,105,117,120,92,112,119,94,97,126,110,126,133,111,112,134,0.3,1,1.6,116,141,144,46,65,82,28.5,46.7,52.5,22.2,31.6,40.2,16.8,17.8,18.3
201403,88,86,115,-7,-10,9,101,114,126,93,99,126,83,88,123,113,130,133,97,106,131,0.8,0.4,1.9,132,127,142,62,52,79,36.3,40.9,53.2,25.5,26.5,41,20.4,21.5,17.4
201404,97,95,127,5,-4,16,105,122,120,101,111,132,107,110,117,115,121,130,115,118,126,0.1,0.8,1.3,110,133,142,51,62,74,35.8,45.7,51.3,24.7,30.4,42.5,16.9,22.6,19.4
201405,78,115,111,-15,16,10,103,111,111,87,115,115,98,134,121,107,131,134,108,136,131,0.2,0.5,1.1,114,129,144,52,59,76,31.1,40.6,50,22.3,31.1,37.7,16.7,20.9,16
201406,92,108,119,-3,6,11,99,119,114,95,118,124,91,91,114,111,133,129,101,114,125,0.2,0.7,1.9,121,135,146,51,76,78,32.4,46.6,50.1,24.8,35.4,41.5,17.1,22.9,21.6
201407,92,110,110,1,7,12,108,120,111,97,120,114,85,113,112,107,132,126,97,124,122,0.3,0.9,0.9,118,127,134,55,64,78,33.7,46.8,51,26.8,35,37.7,17.3,20.1,20.2
201408,97,118,118,-1,7,18,100,128,121,104,126,124,88,121,127,117,138,133,101,135,136,0.2,1,1.2,112,135,139,46,69,79,30.7,41.1,56.4,24.7,31.2,40.8,17.1,19.7,16.6
201409,86,92,131,-9,-2,20,119,112,117,104,101,132,86,74,135,129,135,134,109,103,141,0.2,1,1.9,113,136,154,61,59,88,33.2,45.4,57.6,24.8,34.3,41.4,18.7,19,18.6
201410,93,102,117,-1,11,17,123,110,132,108,109,134,99,109,129,128,127,143,111,122,138,0.3,1.1,1.8,122,137,144,58,48,87,36.1,44.5,53.4,27.3,27.3,42,16.4,23.2,18.6
201411,91,108,117,-13,10,14,104,121,118,98,114,124,102,108,126,125,135,137,112,122,137,0.3,0.9,1.7,122,139,147,60,65,78,40.7,48.6,51.9,29.4,34.8,41.3,19.6,19.2,16.9
201412,97,115,121,-10,8,20,124,115,126,114,122,128,118,113,139,141,127,142,131,127,146,1.1,1.4,2.4,145,150,153,69,77,84,40,50.2,54,29.1,33.7,44.1,18.9,19.7,21.5
201501,106,117,132,2,6,28,114,122,126,114,127,143,120,120,134,129,144,141,129,134,142,0.4,1.6,2.3,127,144,154,62,79,92,48.9,54.1,55.9,32.3,37.7,44,21.6,21.1,18
201502,114,114,129,0,14,25,118,128,128,119,127,137,111,116,139,130,133,148,123,130,147,0.5,1.2,1.2,137,141,140,59,65,86,41.7,46,52.9,30.4,33.1,44.2,13,21,19.9
201503,114,96,130,9,-6,21,122,110,130,130,104,138,111,99,123,138,128,146,127,112,137,0.6,0.7,2.2,133,130,148,64,60,86,51.3,43.6,55,36.9,33.4,43,22.7,20.6,17.3
201504,102,112,133,3,5,25,113,122,131,111,126,143,106,113,139,119,140,145,114,132,148,0.2,2.1,2.4,113,149,142,62,70,96,38.7,50,56.5,33,35.3,46.8,23.3,19.9,19.1
201505,88,111,122,9,-3,15,110,123,129,102,124,129,116,120,134,123,146,142,125,141,142,0.3,1.6,1.8,122,147,144,53,76,89,33.1,48.8,53.9,29.2,35.5,44.9,26.1,21.9,19.7
201506,91,117,136,-5,8,20,123,121,128,111,125,143,109,118,147,119,138,148,112,131,153,0.3,1.4,2.4,124,142,152,58,66,91,41.5,47.5,55.9,31.8,35.4,47.2,23.8,22.3,19.2
201507,89,110,134,-16,16,29,120,112,128,101,116,139,107,106,137,129,129,141,117,119,143,0.3,1.2,2.7,122,138,155,62,75,89,46.3,44.5,56.7,32.6,37.5,45.6,23.7,18.7,17.3
201508,108,122,125,4,17,19,115,128,126,119,134,134,114,122,139,125,150,139,122,142,147,0.3,2,1.7,126,152,145,68,79,85,36.8,56.3,56.1,28.9,41.4,44.3,16.2,17.3,19.9
201509,92,108,123,1,5,26,116,113,129,105,114,133,99,110,137,130,130,142,118,123,145,0.2,0.9,2.3,122,139,147,49,66,91,40.6,45.4,55.5,28.6,36.2,47,26.5,19.2,21.9
201510,104,104,118,9,-2,19,118,136,126,115,128,126,128,130,130,120,141,145,133,142,142,0.5,1.4,1.9,129,136,142,62,68,90,38.9,50.3,56.1,33.8,35.8,45.9,22.7,21.7,17.4
201511,104,98,121,10,-8,12,122,120,123,112,111,132,126,107,133,120,129,143,131,118,142,1,2.1,1.9,129,151,146,69,67,90,42.2,49.6,51.8,33.4,37.2,45.6,17.2,20.1,19
201512,103,103,126,-4,13,18,124,124,125,112,114,133,98,124,136,132,132,146,111,132,145,0.8,1.5,2,130,146,153,73,71,95,39.3,54.5,58.9,32,36.1,47.7,22.3,17.4,24
201601,107,95,119,11,8,18,118,113,133,109,107,135,100,108,138,127,128,147,114,120,150,0.2,0.4,2.3,114,127,144,77,68,93,40.9,41.9,53.7,37.3,32.3,47.1,23.3,23.3,17
201602,105,116,125,9,9,20,119,127,133,112,124,137,110,126,142,128,154,147,119,142,150,0.3,1.8,3,124,145,155,55,83,94,35.1,49.8,55.8,26.3,39,45.2,16,22.8,16.8
201603,113,106,130,11,2,32,123,131,127,124,120,138,125,112,140,135,140,144,133,128,147,0.4,0.8,2.5,133,138,152,75,80,88,37,44.1,58.3,29.4,35.1,45.3,21.3,20.1,16
201604,118,108,126,19,7,21,103,122,130,121,117,136,110,134,133,130,139,140,124,141,141,0.7,1,1.5,132,136,146,75,66,82,39.1,45.4,53.2,32.4,33.5,43.1,19.5,20.4,18.3
201605,113,117,131,13,17,24,133,121,130,126,121,142,123,126,139,139,133,142,131,131,146,1.3,1.4,2,135,138,146,73,70,95,39.3,50.7,53.8,32.6,34.9,43.5,15.3,17.3,19.1
201606,111,117,134,3,12,30,108,120,136,118,123,146,110,128,141,127,129,149,125,129,147,0.5,1.6,2.2,125,146,145,75,83,90,37.6,50.4,57.7,33.8,37.5,47.7,23.2,18.7,17.3
201607,113,109,134,15,6,22,122,124,130,121,118,144,105,108,133,122,135,143,116,125,141,0.9,0.7,2.2,132,136,152,67,66,89,40.1,45.5,58.2,32.7,33.6,43.9,21.4,16.5,18.5
201608,106,106,130,-7,7,27,111,120,122,108,120,139,112,106,139,129,132,142,125,117,147,0.4,0.5,2.5,123,136,151,71,73,89,33.5,44.5,53.1,31.1,31.8,41.2,20.2,21.4,18.5
201609,94,102,129,-6,-5,18,119,126,130,108,120,141,99,116,138,132,133,147,116,126,150,0.3,1.4,2.8,123,135,158,74,75,100,33.4,42.7,57.5,26.2,33.4,50.6,20.7,22.7,21.1
201610,96,93,129,3,-7,22,120,125,132,117,112,139,118,118,141,138,142,147,131,132,148,0.7,0.6,2.1,124,130,144,66,60,98,40.3,43,54.3,29.7,34.9,44.2,21,20.6,19.6
201611,99,105,131,1,3,26,119,120,133,112,115,138,118,114,137,128,137,149,127,130,147,1.3,1.1,2.5,129,138,153,85,70,101,39.4,44.4,55.2,33,34.5,46.3,19.1,19.6,20
201612,106,118,140,0,17,34,128,137,129,117,133,147,120,125,146,131,152,141,133,144,149,0.9,2.1,1.5,139,148,149,64,87,96,38.1,54.8,54.1,28.9,41.6,44.2,18.1,19.1,15.8
201701,104,119,136,11,9,29,123,140,126,117,137,139,106,121,149,130,154,136,117,139,147,0.5,1.8,2.4,133,148,157,62,74,91,41.6,49.9,58.8,30.8,37.9,46.3,19.1,19.2,16.8
201702,126,125,131,13,17,17,129,126,120,136,131,135,129,129,147,141,145,137,140,142,146,1.5,1.6,1.6,146,146,145,89,81,87,43.9,51.9,54.3,31.8,38,43.5,15.7,20.6,19
201703,125,123,142,6,16,28,132,130,126,133,132,143,127,137,147,143,138,139,140,145,150,1.5,2.5,2.5,132,148,152,83,93,93,39.7,47.8,54.5,33.4,38.7,46.9,20.3,17.7,17.7
201704,116,112,138,2,6,29,130,134,130,131,125,147,138,134,152,135,140,144,145,141,155,1.1,1.7,1.9,140,145,148,80,75,88,45.2,50.5,50.8,32.6,39,43.2,19.1,20.2,18.8
201705,107,115,139,2,11,29,120,132,130,120,129,146,110,137,151,120,146,142,117,149,154,0.4,2,2.5,125,148,155,78,87,103,39.3,48.2,55.4,32.2,39.5,47.1,17.5,18.4,19
201706,127,125,136,13,15,33,132,131,133,141,140,141,130,134,141,142,140,141,142,144,146,1.4,1.4,2.4,143,147,147,86,74,95,41.1,52.7,54.4,38.8,39.3,44.8,15.6,23,17.2
201707,119,136,135,19,35,30,112,124,126,119,144,141,123,134,143,117,141,142,123,143,148,0.5,1.5,2.4,133,147,153,77,74,93,40.5,50.1,58.6,30.9,34.6,47.3,16.5,18.6,17.9
201708,109,132,138,11,19,30,122,132,139,116,141,149,124,140,146,137,138,148,132,142,152,1,1.5,2.4,136,147,155,73,76,99,44.2,47.4,57.8,33.6,38.3,46.9,17.6,20.1,18.2
201709,121,117,138,13,16,31,127,139,131,133,132,141,127,131,154,143,146,141,141,146,155,0.8,1.5,2.3,125,148,147,82,72,96,38.9,51.3,56.2,34.6,34.5,45.1,21.5,12.9,18.6
201710,135,131,136,19,21,26,129,136,130,144,143,143,123,143,158,137,147,146,132,148,157,0.5,1.8,2.8,133,151,157,82,81,97,40.4,52.6,62.8,37,37.2,50.4,20.1,19,17.3
201711,125,123,130,10,20,22,132,139,128,138,138,136,144,135,144,141,149,138,150,148,149,1.9,2.8,1.9,146,159,147,86,88,96,48.1,55.2,57.2,38.1,39.9,46.6,18.4,16.6,18.4
201712,113,136,129,9,36,29,123,137,124,125,141,135,122,145,146,128,148,135,127,151,146,0.7,3.2,1.6,133,157,144,74,80,93,40.4,57.6,57.5,34.8,41.4,45.8,17.7,17.7,19.9
201801,102,131,134,1,20,22,120,138,131,114,143,140,118,129,146,138,148,143,133,145,149,0.4,2.4,2.5,124,149,146,64,85,91,31.6,54.5,58.1,31.5,42.9,48.1,14.6,19.3,18.4
201802,119,124,144,19,18,30,128,136,133,130,137,148,122,140,156,135,145,147,131,148,158,2.4,2.5,2,148,153,150,85,90,95,48.1,52.3,60.3,37,40.3,45.6,11.3,17.5,17.2
201803,136,137,148,25,26,42,130,133,130,143,149,151,142,154,151,140,139,141,147,155,153,1.1,1.4,2,139,148,145,81,83,87,44.6,49.9,56.1,36.6,36.5,46.2,19.4,10.8,17.8
201804,118,134,139,13,28,29,127,134,131,130,144,146,135,141,153,139,139,139,144,147,154,1,2.2,2.7,134,146,154,76,81,97,41.5,49.5,62.5,31.7,39.1,44.3,18,19.6,15.4
201805,127,123,135,10,27,31,132,133,124,138,132,137,140,137,144,134,145,138,145,143,147,1.1,1.5,1.8,141,146,150,77,73,99,37,51.1,56.5,34,36.2,48.2,18.1,17,19.6
201806,135,128,142,20,22,38,123,143,122,140,139,142,134,145,146,137,148,130,138,149,144,2.2,2.4,2.5,145,149,151,79,84,88,50.3,56.8,53.3,37.5,41.6,44.5,19.5,16.4,19
201807,105,142,140,9,30,32,130,137,133,122,148,145,126,150,157,136,147,142,140,156,158,0.5,2,2.6,136,151,151,82,87,93,39.5,53.1,60.4,38.8,38.6,47.2,20.2,15.9,18.5
201808,117,126,144,21,20,34,129,139,127,125,136,146,138,129,157,141,142,138,143,139,156,1.1,2.6,2.6,144,150,154,79,83,90,45.1,53.6,58.2,35.3,38.6,46,15.6,16.7,17.3
201809,132,143,131,23,38,27,140,144,127,142,154,137,149,152,154,148,146,140,153,154,153,1.5,2.5,2,135,155,145,97,85,92,46.2,52.6,56.4,38,38,44,17.9,14.4,16.7
201810,128,123,136,11,25,25,133,139,127,138,137,139,148,137,147,144,153,138,153,151,149,0.9,2.5,1.6,139,154,148,87,79,90,42.4,54.8,54.9,34.3,39.2,45.3,15,16.4,16.5
201811,135,131,128,27,25,20,132,126,129,147,137,135,137,136,140,139,140,136,146,141,142,2.4,1.9,2.7,149,152,153,86,78,96,48.3,54.5,57.6,36,37.9,45.9,16.8,16.6,17
201812,124,139,133,14,30,27,127,142,123,133,150,138,135,137,147,127,148,141,138,151,152,2.2,2.5,2.5,153,163,156,85,83,96,51,56.6,58.7,39.3,39.8,47.7,16.6,19.6,18.4
201901,126,124,129,13,21,27,129,138,128,131,134,137,127,140,153,137,146,140,139,148,156,2.1,2.2,2.3,148,151,149,87,90,97,43.5,54.1,55.4,36.3,42.1,46.1,14.8,15.7,17.9
201902,119,115,131,14,16,31,129,134,133,130,130,141,140,125,148,124,145,149,135,136,157,0.4,2.1,2.2,133,147,147,78,91,99,39.3,52.4,55.9,31.9,40,47,14.4,14.5,18.6
201903,140,135,140,28,29,37,125,136,131,142,142,146,140,154,148,144,146,143,149,157,151,1.4,2.7,2.7,144,158,154,82,89,107,45.4,55.9,57.5,36.5,42.3,48.2,16.2,15,16.7
201904,129,131,135,19,15,28,137,145,131,141,149,144,136,137,146,148,154,148,152,151,155,1.4,1.8,2.5,141,147,153,78,87,96,46.3,57.2,60.6,36,41.9,47.4,19.9,17.4,16.9
201905,127,127,141,17,25,33,139,139,131,141,136,144,147,132,145,135,147,144,149,143,152,0.8,2.6,2.3,141,149,151,75,89,94,44.2,53,60.6,36.9,34.8,48,15.2,17.8,15.4
201906,118,132,135,15,29,29,138,137,131,130,143,141,130,138,146,140,153,145,137,151,153,2.1,1.6,2.2,149,145,146,86,80,90,46.9,52.3,55.8,36.9,40.8,43.1,18.6,18.1,18.2
201907,127,130,132,15,16,29,143,143,130,142,144,140,141,136,150,140,142,138,144,143,151,2.5,2.6,2.1,159,154,152,88,90,94,54,54.9,61.2,37.7,44.8,47.4,19.3,13.7,17.8
201908,121,115,135,29,14,31,131,123,120,130,119,135,136,129,150,139,139,138,142,135,151,1.4,1.1,2.2,146,137,148,79,76,93,44.3,48.9,58.4,35.3,36.5,45.7,17.9,16.5,18.6
201909,118,143,130,9,34,19,125,138,124,125,148,135,130,134,144,141,141,138,140,141,147,0.5,2.5,2.3,135,154,145,79,94,92,44.3,52.4,56.6,32.5,42.5,43.6,14.3,16.6,16.4
201910,125,145,132,16,36,35,140,143,127,139,156,138,131,146,148,139,158,144,140,155,153,1.5,2.4,2.6,140,152,155,94,93,103,47.5,58,58.9,38.4,43.1,47.5,13.4,19.7,17.3
201911,131,117,145,28,18,38,125,137,129,138,134,147,141,123,147,137,148,139,144,141,149,1.8,2.8,2.3,148,150,154,79,82,104,48.3,51.7,60.2,35.1,38,48.5,17.6,15.6,17.9
201912,124,128,147,17,24,32,121,134,135,127,137,152,125,142,161,132,139,149,136,147,165,1.6,2.2,2.5,150,151,162,77,90,98,39.4,51.8,60.6,34,39.6,49.4,18.8,20,17.2
202001,133,130,137,23,20,22,143,135,129,148,140,145,151,140,155,148,151,140,159,151,157,1.8,2,2.6,152,145,155,77,84,96,44.5,55.2,59.1,32.6,41.7,46.7,19.5,16.4,15.8
202002,128,132,150,24,25,38,130,133,134,132,138,155,140,138,153,135,135,147,139,143,158,0.7,1.9,2.7,138,153,153,98,79,101,46.9,57.9,58.2,35.1,37.3,49.5,15.8,14.6,17
202003,117,138,128,15,33,28,124,134,121,124,141,131,132,153,150,134,145,144,137,157,153,1.3,2.7,1.8,139,157,144,80,97,95,43.9,56.5,54.1,38.2,45,45,13.8,17.6,19.1
202004,98,104,109,-8,6,10,138,135,118,121,122,119,126,145,145,142,153,150,137,154,151,1.1,-0.7,0.4,136,123,122,78,92,95,37.7,43.6,45.7,36.2,42.2,47,15.6,19.7,19.7
202005,95,106,114,-4,8,18,114,124,115,104,119,121,138,136,154,136,152,144,141,147,156,0.3,1.6,0.4,115,133,121,69,83,94,45.4,43.8,47.5,30.1,36.3,46.7,18.9,21.7,19.9
202006,103,114,111,-7,2,6,125,130,135,118,128,128,119,137,151,133,154,157,130,147,157,0.5,0.5,1.2,131,128,133,78,86,90,38.6,47.3,50,31.2,37.4,47,16.8,22,21.5
202007,88,122,107,-16,15,4,119,124,124,106,128,118,120,146,139,133,148,144,126,154,146,0.5,1.4,0.7,126,146,128,87,84,92,45.2,50.8,48,38,39.1,45.8,28.3,21.8,23
202008,103,103,112,7,1,13,130,128,125,117,119,125,120,132,146,144,143,151,134,140,152,1.7,1,1.6,145,134,136,88,73,94,43.7,46.5,53,36.3,37.4,49.5,20.9,21.3,21.8
202009,91,106,122,-18,-8,18,120,136,125,102,126,128,119,147,152,134,155,145,134,157,153,0.4,1.5,1.8,116,142,143,80,81,87,42.1,52.2,52.9,29.8,38.9,45.8,21.2,17.4,18
202010,104,124,111,10,21,3,122,137,128,118,143,125,135,151,149,137,153,152,140,161,160,0.9,1.9,2.4,136,148,144,79,81,95,47.1,51.4,55.5,41.8,41.8,49.7,17,20.2,16.6
202011,115,107,110,-4,5,5,116,126,121,114,117,121,141,139,147,135,140,143,141,144,151,1,1.9,1.6,136,140,144,79,89,93,43.7,46.7,55.8,33.5,39.9,48,18.3,24,19.6
202012,91,111,126,-8,-1,12,110,124,127,99,127,138,128,140,156,127,138,153,133,147,161,1.3,2.1,1.2,127,150,145,70,76,92,37.2,51.6,57.6,31.6,39.1,49,18.1,18.5,22.3
202101,93,103,119,-11,3,11,117,121,123,107,116,129,118,138,144,134,132,141,131,135,149,0.5,1.8,2.3,123,149,150,68,75,97,41.3,53.7,57.5,33.8,36.7,47.7,22.5,20.5,18.2
202102,101,86,126,4,-13,16,106,112,124,101,97,130,117,138,153,111,124,145,113,135,155,-0.6,0.8,2.5,130,131,149,68,70,95,37.2,44.9,57.6,32.3,34.3,48.6,18.6,15.7,17.6
202103,97,95,126,-7,-3,18,111,111,124,109,106,133,134,134,159,130,143,139,141,145,156,0.3,1.1,1.8,118,137,147,75,69,88,39,49.3,55.7,31.1,35.5,45.9,23.9,16.9,15.6
202104,106,123,133,6,11,25,109,131,125,108,136,139,123,148,159,114,144,138,117,152,157,0.2,2.1,2.3,119,144,147,66,77,94,34.7,57.3,58.9,28.3,40.1,47.7,20.5,18.2,14.9
202105,104,115,131,2,21,25,112,118,112,109,122,134,131,150,162,129,135,132,135,148,154,0.4,2.1,1.9,131,146,143,69,69,86,40.9,49.3,54.9,32.3,35.7,45.3,20.2,18.5,15.6
202106,77,112,136,-5,9,28,100,118,127,86,123,147,120,137,159,120,139,143,120,144,157,0.2,1.9,2.6,115,142,150,70,77,95,42.4,52.8,57.2,32.6,36.7,47.7,21.5,20.2,18.4
202107,96,115,127,9,15,22,114,125,118,105,126,133,126,146,151,126,138,146,133,145,157,1,2.4,2.3,134,146,143,81,74,86,43.6,54.7,58.1,34.6,39.1,43.4,21.9,18.9,15.4
202108,97,90,124,4,-2,20,94,110,118,93,99,130,125,133,156,125,128,138,128,135,156,1,0.9,2.3,131,132,148,54,61,86,43.1,46.4,54.6,29,32,45.3,17.5,18.9,17.8
202109,99,104,129,1,1,28,111,107,115,110,107,131,116,136,156,124,128,130,125,138,150,0.5,-0.5,2,128,131,146,63,60,87,37.8,45.6,57.2,29.8,30.3,43.6,21.1,18.5,16.3
202110,91,118,124,-1,16,21,106,110,117,97,120,129,105,139,150,124,136,144,114,144,152,1.1,2.5,2.9,132,150,149,60,74,90,38.7,53.6,56.9,31.9,36.2,45.8,22.8,18.5,16.4
202111,87,101,124,6,11,31,91,107,111,90,110,128,110,123,152,120,131,135,121,130,150,0.5,2.4,2.6,130,138,150,59,59,73,36.5,52.8,56.2,26,33.7,41.3,17.1,19,14.8
202112,80,98,126,2,12,28,106,104,113,90,103,130,103,128,155,133,132,136,118,135,154,0.9,3,2.3,133,147,153,50,69,78,45.9,51.3,59.7,27.5,31.9,41.3,14.2,18.4,17.7
202201,78,103,118,-7,20,27,114,119,111,96,121,122,95,128,152,137,142,138,113,137,154,0.8,2.6,2.4,139,145,151,62,66,79,40,52.5,55.4,28.5,38.4,39.8,21.1,17.7,15.6
202202,78,77,115,-2,9,26,90,95,110,85,88,118,110,102,144,114,126,138,114,119,148,0.3,1.9,2.4,119,138,144,66,59,73,40.9,46.4,56.2,28.7,32.7,41.8,19.2,15.9,14.8
202203,85,80,102,10,17,17,75,96,97,77,86,106,109,115,140,113,131,136,113,128,144,0.3,0.8,2.2,121,136,146,44,48,75,38.8,39.3,58.4,26.4,31.5,39.3,14.9,17.3,13.2
202204,83,87,109,-1,6,14,98,110,116,93,101,116,115,138,143,124,144,137,121,145,147,1.7,2.5,2.8,138,136,155,60,67,79,47,50.5,61.5,35.5,35.5,39.8,20.4,19.8,12.7
202205,80,83,98,2,18,16,99,99,114,88,90,106,102,115,135,121,137,143,113,130,143,1.1,0.9,2.4,132,137,143,66,53,72,41.3,47.2,56.5,27.8,27.3,37.9,19.6,15.6,12.8
202206,66,61,81,-2,-4,14,98,82,100,81,67,89,89,107,136,124,129,129,105,121,138,0.4,0.6,2,118,132,138,49,53,68,37.2,46.9,49.8,24,31.7,34.7,17.4,18.4,14.1
202207,56,72,84,-3,3,11,83,92,104,61,81,92,82,103,134,123,123,145,104,117,146,0.4,0.4,2.4,124,125,138,68,54,73,40.6,41,50,30.8,26.3,38.6,19.1,15.3,16.5
202208,80,68,87,5,3,18,106,100,112,97,81,102,100,105,139,125,128,142,116,120,144,1.8,2.1,2.6,139,139,149,64,67,72,43.5,51.3,57.4,28.3,29.3,41.6,19.1,15.6,17.2
202209,70,66,92,-5,-5,17,103,99,109,85,81,104,90,102,130,120,131,131,111,121,137,0.6,0.6,2.6,125,128,151,71,64,71,40.2,43.9,55.1,28.9,30.7,38.5,20.8,20.7,14.9
202210,70,69,85,-2,-1,20,103,102,110,83,80,98,96,100,128,129,122,146,111,111,140,0.5,2.4,2.7,128,143,145,60,63,76,41.8,47.5,54.7,32.2,28.4,37.6,24.2,17.1,15.7
202211,63,77,83,-6,4,16,99,105,110,79,90,97,88,114,125,124,139,151,108,132,144,0.6,2.5,2.9,129,145,153,52,66,66,42.5,51.7,60.6,28.3,33,38.2,26.4,16,15.7
202212,63,74,81,-14,1,13,101,94,116,75,79,99,89,105,129,122,125,141,106,119,140,2,2.2,2.8,131,140,148,57,62,76,52.5,53.9,58.8,30.2,32,39.4,21.6,18.9,16.6
202301,80,70,100,4,-2,16,102,110,118,90,89,110,89,114,135,123,135,145,106,128,146,0.5,2.9,2.9,132,153,152,60,68,82,44,51.9,55.8,29.9,32.6,41.7,20.7,16.4,16.1
202302,86,81,99,6,8,14,116,105,113,100,86,107,102,107,133,135,132,144,121,120,145,1.5,1.6,3.1,141,138,157,68,44,80,41.5,49.8,57.1,34.2,29.3,43.1,20.7,16.5,17.4
202303,75,76,105,1,-2,22,104,103,107,87,86,112,84,99,131,116,133,138,97,119,140,0.7,0.5,2.4,125,129,149,63,57,75,42,47.1,53.5,32.5,31.5,39.3,22.2,21,14.2
202304,70,76,97,-6,2,18,96,96,114,79,85,106,89,108,120,112,131,140,102,122,133,0.3,2.8,2.1,119,150,139,72,74,69,39,51.1,56.1,31.3,34.1,40.5,21.9,20.3,18.3
202305,73,72,98,-10,2,20,90,98,113,77,81,110,94,96,128,126,126,142,112,109,137,1.5,0.8,2.8,137,130,149,61,59,73,44.6,44.7,55.4,27.7,33.9,40,20.5,22.2,15.2
202306,68,80,97,-7,7,17,102,107,110,81,87,104,94,108,117,130,128,136,111,121,126,0.8,1.7,2.2,130,143,144,59,62,70,42.8,52.1,55,29.7,30,40.6,23.3,15.3,15
202307,81,87,106,-4,5,13,105,107,120,94,97,118,98,104,137,118,131,142,115,117,146,0.6,0.6,2.5,129,130,149,72,63,85,43.6,45.5,58,33.8,26.1,42.7,21.1,13.7,14.4
202308,76,81,107,-4,-1,25,106,118,118,89,102,120,109,106,128,125,129,140,120,122,139,1,1.9,2.8,128,142,153,72,67,77,44.5,49,57.8,34.8,30.2,41.9,22.9,12.5,18.6
202309,69,77,100,-11,-1,15,100,103,118,79,92,112,88,104,133,117,128,140,102,118,143,0.4,1.5,2.7,120,136,148,62,66,82,47.6,47.3,54.5,32.3,29.2,41.7,25.7,19.9,16
202310,68,72,89,-6,6,9,88,93,111,69,77,101,95,94,118,111,126,136,105,109,130,0.2,1.2,2.6,109,138,149,61,67,70,38.4,51.5,54.3,33.4,30.3,37.7,21.1,17.1,18.4
202311,69,66,98,-9,-4,15,101,95,114,83,78,107,85,85,132,124,122,143,106,105,142,1.8,1.1,2.6,147,133,144,67,58,71,46.9,54.4,54.7,28.8,29.3,38.2,17.2,20.3,18.2
202312,57,89,102,-15,10,14,96,111,119,70,101,115,93,103,121,124,128,139,106,118,134,0.5,2.2,2.6,129,145,149,57,64,86,41.8,51.6,61,26.5,29.7,45,19.2,17.1,16.1
202401,75,91,115,-7,4,20,119,108,129,95,105,127,87,115,125,130,136,145,112,132,140,2.5,2.2,3,146,150,157,77,65,90,49.5,53,63.3,37.1,33.5,43.3,23.1,14.2,15.9
202402,92,81,108,5,0,21,119,106,118,106,92,118,104,104,124,130,128,135,118,116,135,1.8,2.3,2.9,138,149,153,62,72,83,46.7,47.1,63.4,32.4,31.2,41.9,18.4,16.8,17
202403,79,100,118,-7,14,19,119,114,126,102,111,128,97,108,126,129,135,145,116,125,141,2.4,2.1,2.8,149,144,155,65,69,87,47,52.1,59,27,31.5,42,23.8,18.8,15.5
202404,82,76,112,-1,4,18,115,108,124,97,91,125,102,90,132,126,122,139,117,108,140,3.3,1.6,2.6,144,137,139,73,52,73,44.5,44.3,55.4,33.9,27.6,37.8,20.9,18.5,16.9
202405,71,64,110,-2,-1,21,104,103,119,89,81,120,97,82,127,119,118,138,103,100,136,0.4,0.4,2.2,124,122,139,55,47,68,43.2,41.3,54.8,24.2,23.6,36.9,19.6,19.4,18.8
202406,58,57,98,-4,-10,16,97,105,109,73,77,105,86,80,115,110,119,127,94,100,125,-1.7,-0.5,2,116,126,138,51,42,68,38.4,38.5,51.1,23.5,20.3,34.5,23.4,16.7,16.7
202407,47,64,96,-22,0,10,104,99,108,64,79,103,82,79,114,118,116,126,98,96,123,0.4,0.5,2,134,137,150,58,32,61,24.9,35.1,50.5,16.9,17.4,32.5,24.8,18.8,20
202408,50,50,95,-20,-9,11,94,98,114,64,64,107,49,65,117,117,115,132,77,88,125,-0.7,0.3,2,127,130,148,41,36,62,26.5,31.5,50.7,18.1,18.6,34,17.2,17.7,18.2
202409,44,58,99,-23,-7,8,113,99,119,70,69,111,87,73,114,111,107,131,93,86,126,0.2,0.3,1.9,124,127,148,53,36,63,29.3,34,51.5,16.2,19.5,34.3,26.6,18.5,18.9
202410,47,62,96,-22,-3,4,107,96,118,73,75,108,65,73,110,120,101,128,86,83,123,0.9,0.4,1.9,150,138,148,45,45,63,29.6,36.1,50.1,18.5,21.3,34.2,15.4,22.9,17.5
202411,43,66,94,-17,-10,8,97,114,117,57,88,107,80,80,120,117,127,128,102,106,127,0.5,0.4,1.8,140,139,147,55,55,64,24.4,33.9,49.5,9.6,21.7,31.6,20.3,22.6,18.6
